,BRAZOS Soil Moisture at 0-80,NECHES Soil Moisture at 0-80,BRAZOS Soil Moisture at 40-80,NECHES Soil Moisture at 40-80,BRAZOS Soil Moisture at 0-40,NECHES Soil Moisture at 0-40
5/1/2022 0:00,0.306145707,0.284519276,0.318706547,0.291500136,0.293584867,0.277538417
5/1/2022 3:00,0.306092188,0.284923317,0.318695754,0.291584514,0.293488621,0.278262119
5/1/2022 6:00,0.306101227,0.284867946,0.318688626,0.291607779,0.293513828,0.278128113
5/1/2022 9:00,0.306111946,0.284852012,0.318682224,0.291610248,0.293541668,0.278093777
5/1/2022 12:00,0.306100831,0.285156654,0.318674159,0.29161294,0.293527504,0.278700368
5/1/2022 15:00,0.306051545,0.284971879,0.318665141,0.291569451,0.293437948,0.278374307
5/1/2022 18:00,0.305915362,0.284456006,0.318645639,0.291374502,0.293185085,0.277537509
5/1/2022 21:00,0.305700771,0.283812818,0.318625575,0.291135368,0.292775968,0.276490268
5/2/2022 0:00,0.305638786,0.283812665,0.31860737,0.291002363,0.292670202,0.276622967
5/2/2022 3:00,0.30715364,0.284395561,0.318596894,0.29098244,0.295710385,0.277808682
5/2/2022 6:00,0.309230852,0.284355956,0.318591219,0.290970022,0.299870485,0.27774189
5/2/2022 9:00,0.310149671,0.284295415,0.318584652,0.290938395,0.30171469,0.277652435
5/2/2022 12:00,0.310171776,0.284259347,0.318588018,0.290919091,0.301755533,0.277599602
5/2/2022 15:00,0.310056369,0.284217599,0.318595989,0.290884037,0.30151675,0.277551162
5/2/2022 18:00,0.309629629,0.283684635,0.318601331,0.290680327,0.300657926,0.276688943
5/2/2022 21:00,0.309135693,0.282886817,0.318599096,0.29036572,0.29967229,0.275407914
5/3/2022 0:00,0.308823884,0.28240588,0.318604982,0.290187164,0.299042785,0.274624596
5/3/2022 3:00,0.308747813,0.282308148,0.318613133,0.290152626,0.298882492,0.27446367
5/3/2022 6:00,0.3088139,0.28225148,0.318621284,0.290107829,0.299006515,0.274395131
5/3/2022 9:00,0.309238648,0.282267184,0.318639782,0.290060631,0.299837513,0.274473737
5/3/2022 12:00,0.309348348,0.284972769,0.318653539,0.290040704,0.300043157,0.279904835
5/3/2022 15:00,0.309240394,0.289291996,0.31866143,0.290041999,0.299819358,0.288541993
5/3/2022 18:00,0.308975943,0.28960056,0.318665544,0.290010065,0.299286342,0.289191056
5/3/2022 21:00,0.308655366,0.288960271,0.318663312,0.289912668,0.29864742,0.288007874
5/4/2022 0:00,0.30845169,0.288614765,0.318671082,0.289938615,0.298232298,0.287290915
5/4/2022 3:00,0.308395862,0.288532103,0.318684717,0.290064783,0.298107007,0.286999423
5/4/2022 6:00,0.308370024,0.288496425,0.318693938,0.290185408,0.29804611,0.286807443
5/4/2022 9:00,0.308359139,0.288491444,0.318704391,0.29032017,0.298013888,0.286662718
5/4/2022 12:00,0.308357471,0.288481043,0.318707656,0.290451174,0.298007286,0.286510912
5/4/2022 15:00,0.308297655,0.288290347,0.31871562,0.290508668,0.297879689,0.286072026
5/4/2022 18:00,0.308042282,0.287568155,0.318712055,0.290365073,0.29737251,0.284771236
5/4/2022 21:00,0.307715258,0.286675012,0.318705943,0.290155172,0.296724573,0.283194852
5/5/2022 0:00,0.307733339,0.286192165,0.318703252,0.290099823,0.296763425,0.282284508
5/5/2022 3:00,0.30875541,0.286101977,0.318705563,0.290182038,0.298805256,0.282021915
5/5/2022 6:00,0.308919474,0.286046119,0.318709104,0.290239331,0.299129843,0.281852907
5/5/2022 9:00,0.308958575,0.286006139,0.318714151,0.290290515,0.299202998,0.281721762
5/5/2022 12:00,0.309012253,0.285977245,0.318722285,0.290334224,0.299302221,0.281620266
5/5/2022 15:00,0.309055907,0.285838761,0.318725002,0.290323434,0.299386811,0.281354089
5/5/2022 18:00,0.310283976,0.2879056,0.318724884,0.290274269,0.301843068,0.285536931
5/5/2022 21:00,0.310613257,0.291934923,0.318723014,0.290425708,0.3025035,0.293444138
5/6/2022 0:00,0.310831227,0.298011132,0.318723897,0.29099028,0.302938558,0.305031984
5/6/2022 3:00,0.310786008,0.298960481,0.318738584,0.291597385,0.302833433,0.306323576
5/6/2022 6:00,0.310763697,0.298933766,0.318752394,0.292180615,0.302775001,0.305686917
5/6/2022 9:00,0.310755879,0.298799011,0.318765815,0.29265802,0.302745942,0.304940002
5/6/2022 12:00,0.310748314,0.298677898,0.318779677,0.293124874,0.302716951,0.304230923
5/6/2022 15:00,0.310667804,0.29851214,0.318796715,0.293529185,0.302538893,0.303495094
5/6/2022 18:00,0.31026981,0.297715673,0.318801194,0.293729227,0.301738425,0.301702119
5/6/2022 21:00,0.309753596,0.296809114,0.318799303,0.293818903,0.300707889,0.299799325
5/7/2022 0:00,0.309454194,0.296367351,0.318803282,0.293991609,0.300105107,0.298743093
5/7/2022 3:00,0.309394501,0.296233084,0.318816106,0.294265253,0.299972896,0.298200916
5/7/2022 6:00,0.309387537,0.296143471,0.318830488,0.29449865,0.299944587,0.297788292
5/7/2022 9:00,0.309394816,0.296094791,0.318839615,0.294709561,0.299950017,0.297480022
5/7/2022 12:00,0.309410861,0.296669084,0.318846326,0.294923809,0.299975395,0.298414359
5/7/2022 15:00,0.309329547,0.296838906,0.318853238,0.295106086,0.299805856,0.298571726
5/7/2022 18:00,0.308923871,0.296074751,0.31884627,0.295048915,0.299001472,0.297100587
5/7/2022 21:00,0.308441877,0.295136741,0.318837822,0.294928456,0.298045932,0.295345026
5/8/2022 0:00,0.308159737,0.294656602,0.318838008,0.294940988,0.297481467,0.294372216
5/8/2022 3:00,0.308089704,0.294560488,0.318841863,0.295046134,0.297337546,0.294074843
5/8/2022 6:00,0.308064612,0.294465407,0.318853561,0.29514223,0.297275663,0.293788585
5/8/2022 9:00,0.308052144,0.29440389,0.318854225,0.295235378,0.297250062,0.293572402
5/8/2022 12:00,0.30804897,0.294351883,0.318856156,0.29532514,0.297241784,0.293378625
5/8/2022 15:00,0.307941191,0.294074213,0.318854271,0.295358106,0.297028111,0.29279032
5/8/2022 18:00,0.307562468,0.293231644,0.318838264,0.295178907,0.296286671,0.291284381
5/8/2022 21:00,0.307159922,0.292234947,0.318822014,0.294975775,0.29549783,0.28949412
5/9/2022 0:00,0.306913998,0.29168312,0.318812118,0.294913388,0.295015878,0.288452851
5/9/2022 3:00,0.30683828,0.291560687,0.318809248,0.294975689,0.294867311,0.288145685
5/9/2022 6:00,0.306808518,0.291474252,0.318809008,0.295023637,0.294808028,0.287924867
5/9/2022 9:00,0.306799627,0.291429177,0.318807059,0.295074719,0.294792196,0.287783634
5/9/2022 12:00,0.306809366,0.291412083,0.318804946,0.295123054,0.294813785,0.287701111
5/9/2022 15:00,0.30672209,0.291149269,0.318795637,0.295081433,0.294648543,0.287217104
5/9/2022 18:00,0.306413205,0.290351946,0.318777291,0.294843428,0.29404912,0.285860464
5/9/2022 21:00,0.306099099,0.289392058,0.318755291,0.294545031,0.293442908,0.284239085
5/10/2022 0:00,0.305897855,0.288842409,0.318738843,0.294419397,0.293056868,0.28326542
5/10/2022 3:00,0.305844724,0.288735476,0.318736934,0.294409796,0.292952513,0.283061156
5/10/2022 6:00,0.3058302,0.288663938,0.318731497,0.294403831,0.292928903,0.282924044
5/10/2022 9:00,0.305829212,0.288607963,0.318728042,0.294385671,0.292930383,0.282830255
5/10/2022 12:00,0.305838589,0.288559943,0.318726205,0.294357601,0.292950972,0.282762284
5/10/2022 15:00,0.305765935,0.288312299,0.318717219,0.294263728,0.29281465,0.28236087
5/10/2022 18:00,0.305500286,0.287522974,0.318695866,0.293955164,0.292304707,0.281090784
5/10/2022 21:00,0.305232404,0.286602192,0.318666756,0.29362281,0.291798053,0.279581573
5/11/2022 0:00,0.305086284,0.286120331,0.318646762,0.293470127,0.291525807,0.278770536
5/11/2022 3:00,0.305231061,0.28604685,0.318636942,0.29344911,0.291825179,0.278644591
5/11/2022 6:00,0.305590762,0.285996382,0.31862987,0.293440462,0.292551654,0.278552302
5/11/2022 9:00,0.30571035,0.285959486,0.318625049,0.293430898,0.292795652,0.278488073
5/11/2022 12:00,0.30571359,0.285925693,0.31861598,0.293405664,0.292811199,0.278445721
5/11/2022 15:00,0.305642253,0.285728922,0.318603894,0.293293292,0.292680613,0.278164552
5/11/2022 18:00,0.305377481,0.285037517,0.318583416,0.292991761,0.292171545,0.277083273
5/11/2022 21:00,0.305071466,0.284185034,0.318558709,0.29261038,0.291584223,0.275759688
5/12/2022 0:00,0.30489511,0.283785606,0.318539779,0.292445834,0.29125044,0.275125378
5/12/2022 3:00,0.304846704,0.283728895,0.318529372,0.292416639,0.291164035,0.27504115
5/12/2022 6:00,0.304830524,0.283692073,0.318516937,0.292386116,0.29114411,0.27499803
5/12/2022 9:00,0.304831913,0.283654532,0.318508391,0.292340609,0.291155435,0.274968455
5/12/2022 12:00,0.304843839,0.283615047,0.318499896,0.292287879,0.291187782,0.274942214
5/12/2022 15:00,0.304779494,0.283435499,0.318488855,0.292164195,0.291070133,0.274706802
5/12/2022 18:00,0.30451356,0.282728546,0.318462694,0.291832804,0.290564425,0.273624287
5/12/2022 21:00,0.304232745,0.281906851,0.318433025,0.291484007,0.290032465,0.272329695
5/13/2022 0:00,0.304060792,0.281459672,0.318409122,0.291285968,0.289712462,0.271633376
5/13/2022 3:00,0.3040145,0.281378751,0.318394129,0.29121229,0.289634871,0.271545211
5/13/2022 6:00,0.303997586,0.281322941,0.318382353,0.291152805,0.289612819,0.271493076
5/13/2022 9:00,0.303998384,0.281280803,0.318369346,0.291096119,0.289627423,0.271465486
5/13/2022 12:00,0.304007474,0.281247057,0.318357747,0.291052217,0.289657201,0.271441898
5/13/2022 15:00,0.303936498,0.281053275,0.31833998,0.290914237,0.289533015,0.271192312
5/13/2022 18:00,0.303672519,0.280374551,0.318309577,0.290566359,0.289035462,0.270182743
5/13/2022 21:00,0.303413074,0.279627902,0.318282739,0.290243528,0.288543408,0.269012275
5/14/2022 0:00,0.303482697,0.279248051,0.318257821,0.290063919,0.288707573,0.268432184
5/14/2022 3:00,0.304551816,0.279195056,0.31824543,0.290019686,0.290858202,0.268370426
5/14/2022 6:00,0.305053784,0.279144327,0.318231039,0.289951048,0.291876529,0.268337606
5/14/2022 9:00,0.305048366,0.2791055,0.318217419,0.289886158,0.291879314,0.268324842
5/14/2022 12:00,0.305039434,0.27907864,0.3182035,0.289816379,0.291875368,0.2683409
5/14/2022 15:00,0.304939393,0.278875974,0.318185813,0.28967278,0.291692973,0.268079169
5/14/2022 18:00,0.304594698,0.278252284,0.318155328,0.289351406,0.291034068,0.267153162
5/14/2022 21:00,0.304240862,0.277504636,0.318126955,0.28901924,0.29035477,0.265990033
5/15/2022 0:00,0.304081763,0.277050479,0.318105041,0.288807222,0.290058485,0.265293736
5/15/2022 3:00,0.304016324,0.276990436,0.318087766,0.288739145,0.289944882,0.265241727
5/15/2022 6:00,0.303992954,0.27694936,0.318071321,0.288671243,0.289914587,0.265227477
5/15/2022 9:00,0.30398577,0.276911981,0.318055345,0.288598816,0.289916195,0.265225145
5/15/2022 12:00,0.303987672,0.276890301,0.318042543,0.28854606,0.289932802,0.265234543
5/15/2022 15:00,0.303890009,0.276701121,0.318020031,0.288405943,0.289759988,0.264996299
5/15/2022 18:00,0.303558685,0.276096215,0.317989818,0.288096865,0.289127552,0.264095565
5/15/2022 21:00,0.303239347,0.275400311,0.317958195,0.287734447,0.288520499,0.263066176
5/16/2022 0:00,0.303049457,0.274998744,0.317936409,0.287508057,0.288162505,0.262489431
5/16/2022 3:00,0.30298653,0.274942487,0.317917715,0.287430084,0.288055345,0.26245489
5/16/2022 6:00,0.302965445,0.275058405,0.317902046,0.287363834,0.288028843,0.262752977
5/16/2022 9:00,0.302968322,0.276072589,0.317889324,0.287282926,0.28804732,0.264862253
5/16/2022 12:00,0.302967529,0.276124815,0.317871872,0.287222285,0.288063186,0.265027345
5/16/2022 15:00,0.302887294,0.275923754,0.31785194,0.287078303,0.287922647,0.264769204
5/16/2022 18:00,0.302610093,0.275259234,0.317818483,0.286725597,0.287401704,0.263792871
5/16/2022 21:00,0.302345315,0.274524144,0.317786513,0.286367714,0.286904117,0.262680573
5/17/2022 0:00,0.30219144,0.27411257,0.317763343,0.286156119,0.286619538,0.26206902
5/17/2022 3:00,0.302349107,0.274056534,0.317744715,0.286098778,0.2869535,0.262014289
5/17/2022 6:00,0.302502652,0.274014164,0.317727457,0.286035265,0.287277847,0.261993062
5/17/2022 9:00,0.302508004,0.273985369,0.317711139,0.28596591,0.287304869,0.262004827
5/17/2022 12:00,0.302510174,0.273955203,0.31769562,0.285896014,0.287324729,0.262014392
5/17/2022 15:00,0.302428583,0.273777657,0.317669803,0.285761596,0.287187362,0.261793718
5/17/2022 18:00,0.302157002,0.273133574,0.317638397,0.285418902,0.286675608,0.260848247
5/17/2022 21:00,0.301904896,0.272349089,0.317604934,0.28503007,0.286204857,0.259668108
5/18/2022 0:00,0.301739662,0.271904569,0.317576205,0.284803602,0.28590312,0.259005536
5/18/2022 3:00,0.301688198,0.271846881,0.31755987,0.28474952,0.285816525,0.258944242
5/18/2022 6:00,0.301665882,0.271815031,0.317540234,0.284697998,0.28579153,0.258932064
5/18/2022 9:00,0.301662133,0.271792884,0.317520587,0.284635745,0.28580368,0.258950022
5/18/2022 12:00,0.301664293,0.271781757,0.317503421,0.284580826,0.285825165,0.258982688
5/18/2022 15:00,0.301586455,0.271597112,0.317480452,0.284444238,0.285692457,0.258749987
5/18/2022 18:00,0.30135599,0.270940446,0.3174481,0.284090315,0.285263879,0.257790578
5/18/2022 21:00,0.301134221,0.270171546,0.317412929,0.283719826,0.284855513,0.256623265
5/19/2022 0:00,0.300992578,0.269765202,0.317386718,0.283522366,0.284598439,0.256008038
5/19/2022 3:00,0.300946865,0.269708238,0.317364893,0.283464856,0.284528838,0.25595162
5/19/2022 6:00,0.300928757,0.269670763,0.317346242,0.283401958,0.284511272,0.255939568
5/19/2022 9:00,0.300922431,0.26965261,0.317330131,0.283342262,0.284514732,0.255962958
5/19/2022 12:00,0.300924347,0.269635251,0.317310651,0.283278102,0.284538044,0.2559924
5/19/2022 15:00,0.300845622,0.269432753,0.317289001,0.28312698,0.284402244,0.255738527
5/19/2022 18:00,0.30060405,0.268781136,0.317253915,0.282760026,0.283954185,0.254802246
5/19/2022 21:00,0.300399169,0.268053213,0.317221026,0.282414366,0.283577313,0.25369206
5/20/2022 0:00,0.30026617,0.267626805,0.317193079,0.282196833,0.283339261,0.253056777
5/20/2022 3:00,0.300228712,0.26755526,0.317176795,0.282130755,0.28328063,0.252979764
5/20/2022 6:00,0.300216705,0.267526678,0.317154524,0.282078391,0.283278885,0.252974966
5/20/2022 9:00,0.300215561,0.267517715,0.317135205,0.282029355,0.283295916,0.253006075
5/20/2022 12:00,0.300224708,0.267508809,0.317116004,0.281977854,0.283333411,0.253039764
5/20/2022 15:00,0.300151097,0.267333386,0.317094831,0.281838384,0.283207363,0.252828389
5/20/2022 18:00,0.299931248,0.266717127,0.317058986,0.281475295,0.282803511,0.251958958
5/20/2022 21:00,0.299726689,0.265995024,0.317026701,0.281087999,0.282426677,0.250902048
5/21/2022 0:00,0.299613782,0.265591101,0.317000491,0.280861874,0.282227073,0.250320329
5/21/2022 3:00,0.299593666,0.265519793,0.316980835,0.280773292,0.282206497,0.250266293
5/21/2022 6:00,0.299592055,0.265485824,0.316959797,0.280702601,0.282224313,0.250269048
5/21/2022 9:00,0.299600814,0.265476724,0.316939267,0.280640829,0.282262362,0.250312618
5/21/2022 12:00,0.299615816,0.265465789,0.316922078,0.28058364,0.282309553,0.250347939
5/21/2022 15:00,0.299557822,0.265287971,0.316899662,0.28044133,0.282215982,0.250134612
5/21/2022 18:00,0.299360802,0.264772687,0.316866222,0.28013492,0.281855383,0.249410454
5/21/2022 21:00,0.29918082,0.264248227,0.316833274,0.27982782,0.281528366,0.248668635
5/22/2022 0:00,0.299985319,0.263925877,0.316808827,0.279640988,0.283161811,0.248210767
5/22/2022 3:00,0.300415392,0.264294229,0.316789527,0.279574441,0.284041258,0.249014016
5/22/2022 6:00,0.300596116,0.268624854,0.316770766,0.2795294,0.284421466,0.257720307
5/22/2022 9:00,0.300662879,0.27344582,0.316753475,0.279488913,0.284572282,0.267402727
5/22/2022 12:00,0.30063777,0.27618794,0.316735823,0.279568658,0.284539716,0.272807221
5/22/2022 15:00,0.300576888,0.276993962,0.316715201,0.279809247,0.284438575,0.274178676
5/22/2022 18:00,0.300447471,0.276619749,0.31668881,0.280038078,0.284206132,0.27320142
5/22/2022 21:00,0.300254991,0.276013706,0.316660805,0.280174281,0.283849178,0.271853131
5/23/2022 0:00,0.300109873,0.275690533,0.316637997,0.280363724,0.283581749,0.271017343
5/23/2022 3:00,0.300073702,0.275598562,0.31662107,0.280595801,0.283526334,0.270601323
5/23/2022 6:00,0.300063051,0.275541857,0.316600891,0.280790015,0.283525212,0.2702937
5/23/2022 9:00,0.300059899,0.275511471,0.316579321,0.280992,0.283540478,0.270030942
5/23/2022 12:00,0.300061175,0.275482493,0.316557215,0.2811546,0.283565135,0.269810386
5/23/2022 15:00,0.300017498,0.275302325,0.316533517,0.281271169,0.283501479,0.269333481
5/23/2022 18:00,0.299846157,0.274817528,0.316504716,0.281279465,0.283187598,0.26835559
5/23/2022 21:00,0.29970116,0.274150358,0.316472181,0.281206749,0.28293014,0.267093966
5/24/2022 0:00,0.300668807,0.273783183,0.316449388,0.281238369,0.284888227,0.266327997
5/24/2022 3:00,0.301485329,0.273719374,0.316430176,0.281331329,0.286540481,0.26610742
5/24/2022 6:00,0.30173043,0.273685046,0.316412757,0.281406594,0.287048103,0.265963498
5/24/2022 9:00,0.301996638,0.273667539,0.316396012,0.281484149,0.287597264,0.265850929
5/24/2022 12:00,0.302963463,0.273689628,0.316376145,0.281579473,0.289550782,0.265799783
5/24/2022 15:00,0.305030318,0.273586571,0.31635647,0.281592593,0.293704165,0.26558055
5/24/2022 18:00,0.305345155,0.273336465,0.316331832,0.281509839,0.294358478,0.265163092
5/24/2022 21:00,0.305481935,0.27478513,0.316305057,0.281530918,0.294658814,0.268039342
5/25/2022 0:00,0.306998634,0.274648579,0.316289966,0.281531255,0.297707302,0.267765904
5/25/2022 3:00,0.313122808,0.27461645,0.31627692,0.281597679,0.309968696,0.267635221
5/25/2022 6:00,0.315811619,0.276233021,0.316280445,0.28165426,0.315342792,0.270811782
5/25/2022 9:00,0.316351013,0.280676628,0.31630205,0.281707372,0.316399975,0.279645884
5/25/2022 12:00,0.316311221,0.283103026,0.316338,0.281784248,0.316284442,0.284421803
5/25/2022 15:00,0.316094972,0.28295741,0.316376056,0.281887373,0.315813888,0.284027447
5/25/2022 18:00,0.315408265,0.28229464,0.316408816,0.281869075,0.314407714,0.282720206
5/25/2022 21:00,0.314598014,0.281425346,0.316427749,0.281816684,0.312768279,0.281034008
5/26/2022 0:00,0.314077673,0.280952828,0.316457839,0.281873861,0.311697507,0.280031795
5/26/2022 3:00,0.31400921,0.280883901,0.316486728,0.282035558,0.311531692,0.279732244
5/26/2022 6:00,0.31398325,0.280841121,0.316518433,0.282202232,0.311448067,0.279480011
5/26/2022 9:00,0.313954719,0.280793509,0.316547556,0.282339494,0.311361881,0.279247525
5/26/2022 12:00,0.313928854,0.280761911,0.316580147,0.282487321,0.311277562,0.279036502
5/26/2022 15:00,0.313707479,0.280533895,0.316607068,0.282533639,0.31080789,0.278534151
5/26/2022 18:00,0.313007459,0.279700035,0.316628906,0.282375651,0.309386011,0.277024419
5/26/2022 21:00,0.312186821,0.278684821,0.316642327,0.282236334,0.307731315,0.275133309
5/27/2022 0:00,0.311728732,0.278191204,0.316663121,0.282208573,0.306794344,0.274173835
5/27/2022 3:00,0.311642014,0.278118258,0.316685772,0.282287206,0.306598257,0.273949311
5/27/2022 6:00,0.311593341,0.278071136,0.316701512,0.282356798,0.30648517,0.273785475
5/27/2022 9:00,0.311558188,0.278020222,0.316718894,0.282402675,0.306397482,0.27363777
5/27/2022 12:00,0.311540451,0.277988759,0.316737739,0.282463193,0.306343163,0.273514326
5/27/2022 15:00,0.311374118,0.277745576,0.316753138,0.282425062,0.305995098,0.273066089
5/27/2022 18:00,0.310784496,0.276961868,0.316756117,0.282210115,0.304812875,0.271713621
5/27/2022 21:00,0.310087228,0.276049971,0.316754248,0.281997512,0.303420209,0.270102429
5/28/2022 0:00,0.309655524,0.27560455,0.316755955,0.281917264,0.302555094,0.269291836
5/28/2022 3:00,0.309527281,0.275554694,0.316761597,0.281956706,0.302292965,0.269152681
5/28/2022 6:00,0.309463171,0.275519538,0.316773606,0.281983942,0.302152735,0.269055134
5/28/2022 9:00,0.309417072,0.275487889,0.316776569,0.282011411,0.302057574,0.268964367
5/28/2022 12:00,0.309393911,0.275457201,0.316787863,0.282038067,0.301999959,0.268876335
5/28/2022 15:00,0.309233509,0.275208556,0.316794224,0.281961702,0.301672794,0.268455411
5/28/2022 18:00,0.308723811,0.274444211,0.316784608,0.28169931,0.300663014,0.267189113
5/28/2022 21:00,0.308152264,0.273608287,0.316775761,0.281440722,0.299528767,0.265775852
5/29/2022 0:00,0.307806861,0.273174604,0.316772059,0.281314584,0.298841663,0.265034624
5/29/2022 3:00,0.307990678,0.273105283,0.316776031,0.281313495,0.299205325,0.264897071
5/29/2022 6:00,0.307942767,0.273069646,0.316781622,0.281322143,0.299103911,0.264817149
5/29/2022 9:00,0.307906071,0.273055877,0.316785857,0.281316779,0.299026284,0.264794975
5/29/2022 12:00,0.307893253,0.273056646,0.3167947,0.281318345,0.298991805,0.264794948
5/29/2022 15:00,0.307748671,0.272847717,0.316790425,0.281222797,0.298706917,0.264472637
5/29/2022 18:00,0.307303307,0.272126504,0.316779688,0.280928412,0.297826926,0.263324596
5/29/2022 21:00,0.317643695,0.282514936,0.316769493,0.280695238,0.318517896,0.284334635
5/30/2022 0:00,0.316440061,0.281939162,0.316766748,0.28058302,0.316113374,0.283295303
5/30/2022 3:00,0.315958039,0.281875616,0.316779041,0.280642343,0.315137038,0.283108889
5/30/2022 6:00,0.31568832,0.281787164,0.31679485,0.280716612,0.314581791,0.282857717
5/30/2022 9:00,0.315550007,0.281786718,0.31681269,0.280816763,0.314287325,0.282756673
5/30/2022 12:00,0.315479691,0.28179539,0.316830141,0.280902871,0.31412924,0.28268791
5/30/2022 15:00,0.315109453,0.281491439,0.316844761,0.28090724,0.313374145,0.282075637
5/30/2022 18:00,0.314216193,0.280595061,0.316854805,0.280741581,0.31157758,0.280448542
5/30/2022 21:00,0.31321393,0.279578461,0.316857357,0.280535059,0.309570504,0.278621864
5/31/2022 0:00,0.312563563,0.279004999,0.316863838,0.280462496,0.308263289,0.277547502
5/31/2022 3:00,0.312337536,0.278900609,0.316880159,0.280542507,0.307794912,0.27725871
5/31/2022 6:00,0.312213818,0.278849667,0.316892521,0.28062101,0.307535116,0.277078324
5/31/2022 9:00,0.312148577,0.27882131,0.31690626,0.280672235,0.307390894,0.276970384
5/31/2022 12:00,0.312118743,0.278804266,0.316921866,0.280742911,0.30731562,0.276865621
5/31/2022 15:00,0.311895546,0.278557626,0.31692906,0.280732086,0.306862033,0.276383166
5/31/2022 18:00,0.311265241,0.277732517,0.316927337,0.280511936,0.305603145,0.274953097
5/31/2022 21:00,0.310541625,0.276774316,0.316927314,0.280283686,0.304155936,0.273264946
6/1/2022 0:00,0.310075857,0.276243817,0.316930206,0.280174894,0.303221508,0.27231274
6/1/2022 3:00,0.309908454,0.276174111,0.316935837,0.280218233,0.302881072,0.272129988
6/1/2022 6:00,0.309879079,0.276137625,0.316943306,0.280259762,0.302814852,0.272015489
6/1/2022 9:00,0.30984933,0.276117876,0.316949925,0.280294787,0.302748735,0.271940964
6/1/2022 12:00,0.30984989,0.276098232,0.316961843,0.280319363,0.302737937,0.271877101
6/1/2022 15:00,0.30974681,0.275864355,0.316964392,0.2802652,0.302529229,0.271463511
6/1/2022 18:00,0.309283813,0.275393327,0.316953878,0.280097509,0.301613747,0.270689145
6/1/2022 21:00,0.30877633,0.275473289,0.316944632,0.27993915,0.300608027,0.271007428
6/2/2022 0:00,0.308473243,0.27538522,0.31693992,0.2798701,0.300006567,0.270900341
6/2/2022 3:00,0.308494699,0.275405072,0.316944153,0.279885717,0.300045245,0.270924427
6/2/2022 6:00,0.310106134,0.275398249,0.31694543,0.279907345,0.303266837,0.270889153
6/2/2022 9:00,0.312514293,0.275368666,0.316948359,0.279932972,0.308080228,0.27080436
6/2/2022 12:00,0.313008247,0.27540455,0.316959876,0.279966823,0.309056619,0.270842277
6/2/2022 15:00,0.313332754,0.275680324,0.316968495,0.279933283,0.309697012,0.271427364
6/2/2022 18:00,0.313027387,0.275096004,0.31697077,0.279752472,0.309084003,0.270439536
6/2/2022 21:00,0.312317627,0.274247419,0.316962532,0.279516284,0.307672722,0.268978555
6/3/2022 0:00,0.311837662,0.273710959,0.316960752,0.27937486,0.306714573,0.268047058
6/3/2022 3:00,0.311716057,0.273619378,0.316971755,0.27937984,0.30646036,0.267858916
6/3/2022 6:00,0.311673304,0.27356988,0.316983961,0.27939106,0.306362646,0.267748699
6/3/2022 9:00,0.312301174,0.273546032,0.31700112,0.279399892,0.307601228,0.267692173
6/3/2022 12:00,0.315930612,0.273521986,0.317016417,0.27939527,0.314844806,0.267648703
6/3/2022 15:00,0.318803708,0.273224605,0.317039511,0.279301629,0.320567904,0.267147582
6/3/2022 18:00,0.3191268,0.272480506,0.317082545,0.279049137,0.321171055,0.265911876
6/3/2022 21:00,0.318728611,0.271625311,0.317122839,0.278774132,0.320334384,0.26447649
6/4/2022 0:00,0.318551641,0.271135851,0.317177658,0.278623882,0.319925624,0.263647819
6/4/2022 3:00,0.318777569,0.271062969,0.31724786,0.278621676,0.320307278,0.263504261
6/4/2022 6:00,0.318924081,0.271541218,0.317320688,0.278603437,0.320527474,0.264478999
6/4/2022 9:00,0.319730298,0.272037039,0.317404192,0.27859816,0.322056403,0.265475918
6/4/2022 12:00,0.320028067,0.272016335,0.317482372,0.278596303,0.322573762,0.265436367
6/4/2022 15:00,0.319930174,0.271799154,0.317553851,0.278529964,0.322306497,0.265068345
6/4/2022 18:00,0.319207315,0.271103095,0.317611669,0.278286312,0.320802961,0.263919878
6/4/2022 21:00,0.318272165,0.270414453,0.317671232,0.278038901,0.318873097,0.262790006
6/5/2022 0:00,0.317670766,0.270039925,0.317731589,0.277908798,0.317609942,0.262171052
6/5/2022 3:00,0.317505517,0.269965669,0.317798579,0.277899187,0.317212455,0.262032151
6/5/2022 6:00,0.317416807,0.269915989,0.317859625,0.27787921,0.31697399,0.261952769
6/5/2022 9:00,0.317373457,0.269871381,0.317919814,0.277865221,0.316827099,0.261877542
6/5/2022 12:00,0.317353381,0.269831349,0.317985896,0.277839893,0.316720867,0.261822805
6/5/2022 15:00,0.317073539,0.269561893,0.318036713,0.277706112,0.316110365,0.261417674
6/5/2022 18:00,0.316280004,0.268717754,0.318069872,0.277377042,0.314490136,0.260058466
6/5/2022 21:00,0.315358727,0.267774311,0.318105762,0.277039893,0.312611691,0.258508729
6/6/2022 0:00,0.314792347,0.267262184,0.318141721,0.276865105,0.311442973,0.257659264
6/6/2022 3:00,0.314614274,0.267168694,0.318186363,0.2768369,0.311042184,0.257500488
6/6/2022 6:00,0.314524457,0.267116866,0.318232154,0.27681609,0.310816761,0.257417642
6/6/2022 9:00,0.314455586,0.267087599,0.318269695,0.27678549,0.310641478,0.257389708
6/6/2022 12:00,0.314409493,0.267069357,0.318307625,0.27676136,0.310511362,0.257377353
6/6/2022 15:00,0.314183018,0.266786596,0.318341438,0.276639889,0.310024599,0.256933303
6/6/2022 18:00,0.313550552,0.265933115,0.318351785,0.276290369,0.308749318,0.255575861
6/6/2022 21:00,0.312852444,0.264988133,0.318364036,0.275932747,0.307340851,0.25404352
6/7/2022 0:00,0.312416645,0.264447079,0.318388666,0.275742539,0.306444625,0.253151618
6/7/2022 3:00,0.312293627,0.264364955,0.318414721,0.275707981,0.306172533,0.253021928
6/7/2022 6:00,0.312245277,0.26433664,0.318437101,0.275677552,0.306053454,0.252995727
6/7/2022 9:00,0.312224203,0.264312746,0.318463685,0.275642318,0.305984721,0.252983173
6/7/2022 12:00,0.312217739,0.264297978,0.318491159,0.275612678,0.30594432,0.252983277
6/7/2022 15:00,0.312059264,0.264038484,0.318506575,0.275476418,0.305611953,0.252600549
6/7/2022 18:00,0.311550747,0.263244407,0.318508699,0.27513242,0.304592795,0.251356394
6/7/2022 21:00,0.310975618,0.26235516,0.318508512,0.274776518,0.303442725,0.249933802
6/8/2022 0:00,0.310627272,0.261846569,0.318516096,0.274586322,0.302738448,0.249106816
6/8/2022 3:00,0.310522719,0.261779318,0.318525694,0.274554592,0.302519743,0.249004043
6/8/2022 6:00,0.310488585,0.261749555,0.318539716,0.274518776,0.302437455,0.248980333
6/8/2022 9:00,0.310475716,0.261734912,0.318557078,0.274474919,0.302394354,0.248994906
6/8/2022 12:00,0.310476329,0.261725766,0.318568746,0.274441223,0.302383913,0.249010308
6/8/2022 15:00,0.310339681,0.261480377,0.318577991,0.274305576,0.302101371,0.248655178
6/8/2022 18:00,0.309957863,0.260704821,0.318573443,0.273936503,0.301342283,0.247473139
6/8/2022 21:00,0.309499743,0.259888819,0.318565834,0.273588366,0.300433652,0.246189271
6/9/2022 0:00,0.309201955,0.259429773,0.318560565,0.27337739,0.299843345,0.245482157
6/9/2022 3:00,0.30911964,0.259370681,0.31856442,0.273335484,0.299674861,0.245405877
6/9/2022 6:00,0.309095797,0.259348084,0.318571151,0.273295435,0.299620443,0.245400733
6/9/2022 9:00,0.309088265,0.259333714,0.318575272,0.273262561,0.299601258,0.245404866
6/9/2022 12:00,0.309089564,0.259321563,0.31858036,0.273227393,0.299598767,0.245415733
6/9/2022 15:00,0.308975301,0.259054692,0.318580526,0.273092195,0.299370076,0.24501719
6/9/2022 18:00,0.308553569,0.258312448,0.318566662,0.2727343,0.298540475,0.243890597
6/9/2022 21:00,0.308099141,0.2575049,0.318551752,0.272377198,0.29764653,0.242632601
6/10/2022 0:00,0.307829225,0.25706307,0.318543361,0.272191121,0.29711509,0.241935019
6/10/2022 3:00,0.30774485,0.257009273,0.318540972,0.272154126,0.296948728,0.24186442
6/10/2022 6:00,0.307720855,0.256989166,0.318541156,0.272122041,0.296900553,0.241856292
6/10/2022 9:00,0.307704062,0.256976675,0.318536913,0.272088252,0.296871211,0.241865097
6/10/2022 12:00,0.307696868,0.256967761,0.318538213,0.272052006,0.296855522,0.241883515
6/10/2022 15:00,0.307554641,0.256705495,0.318531091,0.271918137,0.296578191,0.241492854
6/10/2022 18:00,0.307140243,0.256008224,0.318510842,0.271585082,0.295769643,0.240431366
6/10/2022 21:00,0.306751305,0.255230185,0.318490609,0.271247016,0.295012001,0.239213353
6/11/2022 0:00,0.306520544,0.25477534,0.31848144,0.271048532,0.294559648,0.238502149
6/11/2022 3:00,0.306450087,0.254725296,0.318478272,0.271015648,0.294421902,0.238434944
6/11/2022 6:00,0.306426814,0.254708052,0.318472226,0.270993434,0.294381401,0.238422671
6/11/2022 9:00,0.306413732,0.254691821,0.318467705,0.270956775,0.29435976,0.238426866
6/11/2022 12:00,0.306402406,0.254680993,0.318460319,0.270924302,0.294344493,0.238437683
6/11/2022 15:00,0.306248278,0.25441448,0.318451517,0.270777914,0.29404504,0.238051046
6/11/2022 18:00,0.305842665,0.253713334,0.31842435,0.270426689,0.29326098,0.236999979
6/11/2022 21:00,0.305512807,0.252951859,0.318400697,0.270054068,0.292624918,0.235849649
6/12/2022 0:00,0.305306297,0.252536676,0.318386744,0.26987229,0.29222585,0.235201063
6/12/2022 3:00,0.30523655,0.252481753,0.318379247,0.269831825,0.292093854,0.235131681
6/12/2022 6:00,0.30521664,0.252464364,0.318375362,0.269802221,0.292057918,0.235126508
6/12/2022 9:00,0.30520636,0.252452305,0.318370973,0.269769374,0.292041747,0.235135237
6/12/2022 12:00,0.305197187,0.252449715,0.318359452,0.269737999,0.292034923,0.235161431
6/12/2022 15:00,0.305050974,0.252182228,0.3183414,0.2695951,0.291760548,0.234769357
6/12/2022 18:00,0.304671265,0.25142268,0.318314471,0.269237411,0.291028058,0.233607949
6/12/2022 21:00,0.304385847,0.250672521,0.318289371,0.268899255,0.290482323,0.232445786
6/13/2022 0:00,0.304201846,0.250263582,0.318270407,0.268710411,0.290133285,0.231816754
6/13/2022 3:00,0.304141287,0.250215069,0.318257242,0.268682307,0.290025333,0.231747832
6/13/2022 6:00,0.304129707,0.250190573,0.318245105,0.268643346,0.290014309,0.2317378
6/13/2022 9:00,0.304122257,0.250180124,0.318235178,0.268612421,0.290009336,0.231747827
6/13/2022 12:00,0.304121351,0.250176264,0.318224596,0.268584816,0.290018107,0.231767712
6/13/2022 15:00,0.303989454,0.249911974,0.318208243,0.268437468,0.289770664,0.23138648
6/13/2022 18:00,0.303645346,0.249144676,0.318178435,0.268042575,0.289112257,0.230246778
6/13/2022 21:00,0.303394306,0.248428475,0.318152087,0.267714958,0.288636526,0.229141992
6/14/2022 0:00,0.303232689,0.248060263,0.318127911,0.267556946,0.288337466,0.22856358
6/14/2022 3:00,0.303185345,0.247991209,0.31811081,0.267515643,0.288259879,0.228466774
6/14/2022 6:00,0.303170729,0.247973049,0.318095527,0.267486741,0.288245932,0.228459357
6/14/2022 9:00,0.303165716,0.247965849,0.318081327,0.267455146,0.288250104,0.228476552
6/14/2022 12:00,0.303177402,0.247960706,0.318070406,0.267423041,0.288284398,0.22849837
6/14/2022 15:00,0.303062764,0.24770971,0.318051186,0.267261459,0.288074343,0.228157961
6/14/2022 18:00,0.302716847,0.246968055,0.318023051,0.266884757,0.287410643,0.227051353
6/14/2022 21:00,0.30244296,0.246266184,0.31798882,0.266556854,0.286897099,0.225975514
6/15/2022 0:00,0.302291246,0.245892038,0.317966843,0.266375342,0.286615649,0.225408734
6/15/2022 3:00,0.30224912,0.245838184,0.317951989,0.266337908,0.286546252,0.225338459
6/15/2022 6:00,0.302236129,0.245825229,0.317934393,0.266311102,0.286537865,0.225339356
6/15/2022 9:00,0.302239424,0.245827179,0.317921193,0.26628619,0.286557655,0.225368168
6/15/2022 12:00,0.302248799,0.245827637,0.317907982,0.266255969,0.286589617,0.225399305
6/15/2022 15:00,0.302138566,0.245578915,0.317890672,0.266098679,0.28638646,0.22505915
6/15/2022 18:00,0.301809916,0.244866101,0.317852414,0.265736528,0.285767417,0.223995675
6/15/2022 21:00,0.301532203,0.244179291,0.317822848,0.265415091,0.285241557,0.222943492
6/16/2022 0:00,0.301379542,0.243842721,0.317799096,0.265240806,0.284959988,0.222444637
6/16/2022 3:00,0.301343553,0.243799115,0.317781602,0.265209412,0.284905504,0.222388817
6/16/2022 6:00,0.301339165,0.24378731,0.317764814,0.265186629,0.284913516,0.22238799
6/16/2022 9:00,0.301344203,0.243788726,0.317750998,0.265168105,0.284937408,0.222409347
6/16/2022 12:00,0.301352844,0.243790178,0.317734631,0.265143182,0.284971058,0.222437174
6/16/2022 15:00,0.30124225,0.243539292,0.317710241,0.264995311,0.284774259,0.222083274
6/16/2022 18:00,0.300886425,0.242822309,0.317671478,0.264647677,0.284101372,0.220996941
6/16/2022 21:00,0.300610309,0.242182067,0.317632662,0.264343979,0.283587955,0.220020154
6/17/2022 0:00,0.300457891,0.241884665,0.317608967,0.264190749,0.283306815,0.21957858
6/17/2022 3:00,0.300415955,0.241853408,0.317587728,0.264150006,0.283244182,0.219556811
6/17/2022 6:00,0.3004063,0.241844987,0.317567322,0.26412936,0.283245278,0.219560614
6/17/2022 9:00,0.300405077,0.241836737,0.317548319,0.264104736,0.283261836,0.219568737
6/17/2022 12:00,0.300413023,0.241835309,0.31752894,0.264083595,0.283297106,0.219587023
6/17/2022 15:00,0.300280938,0.241551902,0.317504874,0.263914135,0.283057002,0.219189668
6/17/2022 18:00,0.299945474,0.240868711,0.317469363,0.26356955,0.282421584,0.218167872
6/17/2022 21:00,0.299724341,0.240581249,0.317434344,0.263309679,0.282014337,0.217852818
6/18/2022 0:00,0.299599211,0.242288924,0.317407958,0.263216189,0.281790464,0.221361659
6/18/2022 3:00,0.299583539,0.242318378,0.317390734,0.263189092,0.281776345,0.221447664
6/18/2022 6:00,0.299578282,0.242296452,0.31736914,0.263165683,0.281787425,0.221427221
6/18/2022 9:00,0.299583253,0.242279629,0.31735068,0.263142439,0.281815826,0.221416819
6/18/2022 12:00,0.299595447,0.24227162,0.317333947,0.263125818,0.281856946,0.221417421
6/18/2022 15:00,0.299464575,0.24200412,0.317307357,0.262994396,0.281621793,0.221013843
6/18/2022 18:00,0.299136456,0.241257205,0.317272807,0.262669496,0.281000106,0.219844913
6/18/2022 21:00,0.299084718,0.240611937,0.317239668,0.262377712,0.280929767,0.218846162
6/19/2022 0:00,0.299255668,0.240387076,0.317212209,0.262228642,0.281299128,0.218545509
6/19/2022 3:00,0.299223828,0.240336067,0.317192646,0.262196081,0.28125501,0.218476053
6/19/2022 6:00,0.299220242,0.240315146,0.31717401,0.262181557,0.281266474,0.218448735
6/19/2022 9:00,0.299214448,0.240301797,0.317154149,0.262161808,0.281274747,0.218441786
6/19/2022 12:00,0.29921353,0.240293914,0.317134048,0.262144345,0.281293013,0.218443483
6/19/2022 15:00,0.299076181,0.239991574,0.317108861,0.261980333,0.281043501,0.218002816
6/19/2022 18:00,0.298736531,0.239272331,0.31707404,0.261633372,0.280399021,0.216911289
6/19/2022 21:00,0.298492546,0.239468804,0.317041114,0.261394981,0.279943978,0.217542627
6/20/2022 0:00,0.2983448,0.241507365,0.317014097,0.261297611,0.279675502,0.22171712
6/20/2022 3:00,0.298305935,0.241441884,0.316995878,0.261272393,0.279615991,0.221611375
6/20/2022 6:00,0.298305452,0.241414206,0.316976844,0.261254927,0.27963406,0.221573485
6/20/2022 9:00,0.298305205,0.241386453,0.316954195,0.261238433,0.279656215,0.221534474
6/20/2022 12:00,0.29830976,0.241364774,0.316934254,0.261231982,0.279685266,0.221497567
6/20/2022 15:00,0.298179328,0.241017513,0.316912397,0.26107251,0.27944626,0.220962516
6/20/2022 18:00,0.297849306,0.240187843,0.31687714,0.260709765,0.278821472,0.219665921
6/20/2022 21:00,0.297621052,0.239461209,0.316842234,0.260446828,0.278399869,0.218475591
6/21/2022 0:00,0.297487705,0.239054586,0.316813085,0.260312642,0.278162325,0.21779653
6/21/2022 3:00,0.297449611,0.238958021,0.316790969,0.26028304,0.278108252,0.217633002
6/21/2022 6:00,0.29744566,0.238925467,0.31677281,0.260272768,0.278118511,0.217578165
6/21/2022 9:00,0.297458066,0.238904778,0.316748587,0.260256079,0.278167544,0.217553478
6/21/2022 12:00,0.297460931,0.238880483,0.316726739,0.260233441,0.278195123,0.217527524
6/21/2022 15:00,0.297324313,0.238584725,0.316697728,0.260094133,0.277950898,0.217075316
6/21/2022 18:00,0.297007231,0.237804766,0.316660936,0.259752129,0.277353526,0.215857403
6/21/2022 21:00,0.296790285,0.237159607,0.316627681,0.259513206,0.27695289,0.214806008
6/22/2022 0:00,0.296698561,0.236801842,0.316599467,0.259373127,0.276797654,0.214230556
6/22/2022 3:00,0.296671602,0.236740458,0.316577989,0.259345917,0.276765216,0.214134999
6/22/2022 6:00,0.296679578,0.236715629,0.316559849,0.25932602,0.276799308,0.214105239
6/22/2022 9:00,0.296687707,0.236702791,0.316540957,0.259314315,0.276834458,0.214091267
6/22/2022 12:00,0.29669771,0.236694377,0.316519469,0.259299019,0.276875951,0.214089735
6/22/2022 15:00,0.296576597,0.236410814,0.316493244,0.259151186,0.27665995,0.213670441
6/22/2022 18:00,0.29625146,0.235698096,0.316457265,0.258839295,0.276045655,0.212556897
6/22/2022 21:00,0.29604223,0.23534892,0.316422168,0.258596198,0.275662292,0.212101643
6/23/2022 0:00,0.29590831,0.23509799,0.316391832,0.258449591,0.275424788,0.21174639
6/23/2022 3:00,0.295885595,0.235038933,0.316370939,0.258432579,0.275400251,0.211645287
6/23/2022 6:00,0.295884912,0.235013192,0.316351443,0.258416357,0.275418382,0.211610027
6/23/2022 9:00,0.295889656,0.234993841,0.316329436,0.258397304,0.275449875,0.211590379
6/23/2022 12:00,0.295895423,0.234977426,0.316308408,0.258379998,0.275482439,0.211574854
6/23/2022 15:00,0.295755006,0.234664742,0.316281437,0.258212668,0.275228575,0.211116816
6/23/2022 18:00,0.295441952,0.234009063,0.316246972,0.257908391,0.274636932,0.210109734
6/23/2022 21:00,0.295251852,0.23392832,0.316209846,0.257706328,0.274293857,0.210150312
6/24/2022 0:00,0.295140026,0.234095053,0.316182067,0.257580551,0.274097984,0.210609556
6/24/2022 3:00,0.295115269,0.234110843,0.316160116,0.257563262,0.274070422,0.210658424
6/24/2022 6:00,0.295108227,0.234083501,0.316138942,0.257548435,0.274077512,0.210618567
6/24/2022 9:00,0.295113342,0.234063803,0.316118753,0.257530314,0.274107932,0.210597293
6/24/2022 12:00,0.295123847,0.234045798,0.316094922,0.257513858,0.274152772,0.210577738
6/24/2022 15:00,0.294989919,0.233723589,0.316064105,0.257338709,0.273915732,0.210108469
6/24/2022 18:00,0.294697522,0.232976805,0.31602794,0.257014098,0.273367103,0.208939512
6/24/2022 21:00,0.294519782,0.23238792,0.315991937,0.256780015,0.273047627,0.207995825
6/25/2022 0:00,0.294410575,0.232129318,0.315959812,0.256661562,0.272861337,0.207597074
6/25/2022 3:00,0.29437805,0.232067638,0.315937265,0.256643883,0.272818835,0.207491394
6/25/2022 6:00,0.294369535,0.232035886,0.315916793,0.256624504,0.272822277,0.207447267
6/25/2022 9:00,0.29437312,0.232018484,0.315896995,0.256603796,0.272849245,0.207433171
6/25/2022 12:00,0.294390132,0.232007248,0.315871518,0.256587704,0.272908746,0.207426792
6/25/2022 15:00,0.294277215,0.23172293,0.315842622,0.256454906,0.272711808,0.206990953
6/25/2022 18:00,0.293962189,0.230955927,0.315804113,0.256091927,0.272120265,0.205819926
6/25/2022 21:00,0.293772329,0.230419746,0.315768578,0.255896122,0.27177608,0.204943369
6/26/2022 0:00,0.293660214,0.230140597,0.315736787,0.255794334,0.271583641,0.20448686
6/26/2022 3:00,0.293647955,0.23008101,0.31571463,0.255769312,0.27158128,0.204392707
6/26/2022 6:00,0.293654662,0.230055732,0.315692818,0.255753388,0.271616506,0.204358077
6/26/2022 9:00,0.293660403,0.230041164,0.315668994,0.25573728,0.271651811,0.204345049
6/26/2022 12:00,0.293677602,0.230031962,0.315646831,0.255722051,0.271708372,0.204341872
6/26/2022 15:00,0.29357768,0.229724113,0.315619521,0.255548286,0.271535839,0.203899941
6/26/2022 18:00,0.293269901,0.229029053,0.315583211,0.255206122,0.270956591,0.202851984
6/26/2022 21:00,0.293083032,0.22855934,0.315544817,0.255000075,0.270621247,0.202118606
6/27/2022 0:00,0.293411244,0.228317007,0.315513541,0.254912732,0.271308947,0.201721283
6/27/2022 3:00,0.294064994,0.228563451,0.315490249,0.254886462,0.272639739,0.202240441
6/27/2022 6:00,0.294391707,0.228799496,0.315472331,0.254874803,0.273311083,0.202724189
6/27/2022 9:00,0.294993659,0.228786216,0.315451397,0.25486506,0.274535921,0.202707372
6/27/2022 12:00,0.295660267,0.22877218,0.315430111,0.254851877,0.275890424,0.202692484
6/27/2022 15:00,0.295747292,0.228507033,0.315402135,0.254716361,0.276092448,0.202297704
6/27/2022 18:00,0.295379664,0.227891793,0.315371159,0.254414591,0.27538817,0.201368996
6/27/2022 21:00,0.294985028,0.227334021,0.315340957,0.254150391,0.274629099,0.20051765
6/28/2022 0:00,0.294915375,0.227005355,0.315312503,0.25400382,0.274518248,0.20000689
6/28/2022 3:00,0.295894728,0.226951333,0.315291997,0.253978492,0.276497458,0.199924175
6/28/2022 6:00,0.296983338,0.226933059,0.315271818,0.253962467,0.278694859,0.199903651
6/28/2022 9:00,0.297353949,0.226917843,0.315251066,0.253946811,0.279456832,0.199888875
6/28/2022 12:00,0.297361775,0.226902274,0.315232042,0.253931361,0.279491509,0.199873187
6/28/2022 15:00,0.297219952,0.22662697,0.315207667,0.253798858,0.279232236,0.199455082
6/28/2022 18:00,0.297118739,0.2259795,0.315180878,0.253502338,0.2790566,0.198456662
6/28/2022 21:00,0.297200669,0.225478866,0.315154163,0.253295418,0.279247174,0.197662315
6/29/2022 0:00,0.296853651,0.225211318,0.315131758,0.25319362,0.278575545,0.197229017
6/29/2022 3:00,0.296770701,0.225157181,0.315115009,0.253173761,0.278426392,0.197140601
6/29/2022 6:00,0.296739623,0.225136476,0.31509743,0.253160999,0.278381815,0.197111953
6/29/2022 9:00,0.296722237,0.225128556,0.315082101,0.25315215,0.278362373,0.197104961
6/29/2022 12:00,0.296709499,0.22512488,0.315065776,0.253143071,0.278353221,0.19710669
6/29/2022 15:00,0.296534249,0.224845647,0.315048036,0.252988961,0.278020462,0.196702334
6/29/2022 18:00,0.296037806,0.224230183,0.315017727,0.252687572,0.277057886,0.195772794
6/29/2022 21:00,0.295541723,0.223774476,0.314990221,0.252487003,0.276093225,0.195061949
6/30/2022 0:00,0.295243554,0.223603485,0.314967611,0.252393926,0.275519498,0.194813044
6/30/2022 3:00,0.295159961,0.223570577,0.314951325,0.252373952,0.275368597,0.194767202
6/30/2022 6:00,0.295123429,0.223554912,0.314932378,0.252359571,0.275314481,0.194750253
6/30/2022 9:00,0.295104017,0.223549952,0.314916406,0.252350853,0.275291628,0.19474905
6/30/2022 12:00,0.295092483,0.223552496,0.314896596,0.252341782,0.275288371,0.194763209
6/30/2022 15:00,0.294927419,0.223330223,0.314872718,0.25221882,0.27498212,0.194441627
6/30/2022 18:00,0.294470369,0.222781813,0.314838375,0.251934545,0.274102362,0.193629081
6/30/2022 21:00,0.294060308,0.222456307,0.314806821,0.251690313,0.273313794,0.193222301
7/1/2022 0:00,0.293810983,0.222244604,0.314779638,0.251554506,0.272842329,0.192934702
7/1/2022 3:00,0.293730449,0.222266993,0.31475865,0.251535133,0.272702247,0.192998854
7/1/2022 6:00,0.293696422,0.222256908,0.314737228,0.251522758,0.272655615,0.192991057
7/1/2022 9:00,0.293689023,0.222255436,0.314719048,0.251511531,0.272658998,0.192999341
7/1/2022 12:00,0.29369025,0.222418906,0.314699651,0.251497923,0.27268085,0.193339889
7/1/2022 15:00,0.293543561,0.223958409,0.314671382,0.251438799,0.272415741,0.19647802
7/1/2022 18:00,0.293107591,0.224085688,0.314635098,0.251278268,0.271580083,0.196893108
7/1/2022 21:00,0.292783377,0.223597483,0.314605202,0.251065062,0.270961551,0.196129904
7/2/2022 0:00,0.292592969,0.223301465,0.314578856,0.250938304,0.270607082,0.195664626
7/2/2022 3:00,0.292524552,0.22325346,0.314558578,0.250917377,0.270490527,0.195589543
7/2/2022 6:00,0.292502289,0.223256067,0.314537348,0.2509124,0.270467231,0.195599733
7/2/2022 9:00,0.292501165,0.223637823,0.31451711,0.25090391,0.270485219,0.196371736
7/2/2022 12:00,0.292509858,0.225871142,0.314500652,0.25089756,0.270519063,0.200844725
7/2/2022 15:00,0.292368079,0.231331526,0.314473709,0.250891082,0.270262449,0.21177197
7/2/2022 18:00,0.291978244,0.233604511,0.314440219,0.250851224,0.269516268,0.216357797
7/2/2022 21:00,0.291746131,0.234591597,0.314412533,0.250770839,0.269079729,0.218412356
7/3/2022 0:00,0.291814661,0.2341998,0.314386162,0.250707808,0.26924316,0.217691792
7/3/2022 3:00,0.291833568,0.234326461,0.314364183,0.250754902,0.269302953,0.21789802
7/3/2022 6:00,0.291811967,0.234297474,0.314346947,0.250810983,0.269276986,0.217783966
7/3/2022 9:00,0.291806441,0.234269925,0.314324978,0.250860646,0.269287905,0.217679203
7/3/2022 12:00,0.291806277,0.234243208,0.314305846,0.250908325,0.269306708,0.21757809
7/3/2022 15:00,0.291661749,0.233959379,0.31427871,0.250853072,0.269044789,0.217065686
7/3/2022 18:00,0.291291824,0.233174395,0.314241791,0.250641924,0.268341858,0.215706867
7/3/2022 21:00,0.291368331,0.232361984,0.314209913,0.250442922,0.268526748,0.214281047
7/4/2022 0:00,0.291690854,0.231917308,0.314188865,0.250360061,0.269192842,0.213474554
7/4/2022 3:00,0.291702012,0.231815189,0.314167904,0.250377451,0.26923612,0.213252926
7/4/2022 6:00,0.291760532,0.231752169,0.314147185,0.25039701,0.269373879,0.213107328
7/4/2022 9:00,0.291800101,0.231726951,0.314124727,0.250420628,0.269475475,0.213033274
7/4/2022 12:00,0.291831012,0.231716295,0.314103374,0.250442291,0.26955865,0.212990299
7/4/2022 15:00,0.291680628,0.231399366,0.314076084,0.25035588,0.269285172,0.212442853
7/4/2022 18:00,0.29124564,0.230572789,0.314043119,0.250078988,0.268448161,0.21106659
7/4/2022 21:00,0.290904198,0.229750563,0.314007119,0.249830989,0.267801277,0.209670136
7/5/2022 0:00,0.290691779,0.229298052,0.313979128,0.249725132,0.26740443,0.208870973
7/5/2022 3:00,0.290631916,0.229224794,0.31395784,0.249733966,0.267305993,0.208715621
7/5/2022 6:00,0.290611454,0.229187527,0.313939318,0.249744782,0.267283591,0.208630272
7/5/2022 9:00,0.290604303,0.229171794,0.313919499,0.249754883,0.267289106,0.208588705
7/5/2022 12:00,0.290603867,0.229162883,0.313900511,0.249768018,0.267307223,0.208557748
7/5/2022 15:00,0.290459232,0.228881332,0.313872735,0.249671761,0.26704573,0.208090903
7/5/2022 18:00,0.290067195,0.228100873,0.313832663,0.249380707,0.266301726,0.20682104
7/5/2022 21:00,0.289784616,0.227365255,0.313801291,0.249129278,0.265767941,0.205601232
7/6/2022 0:00,0.289629813,0.226942215,0.313776015,0.24901104,0.26548361,0.20487339
7/6/2022 3:00,0.289621515,0.226868374,0.313758951,0.249005864,0.26548408,0.204730883
7/6/2022 6:00,0.289597304,0.226828266,0.313736984,0.249012834,0.265457625,0.204643699
7/6/2022 9:00,0.289591191,0.226807064,0.313718579,0.24901249,0.265463804,0.204601639
7/6/2022 12:00,0.28959674,0.226796374,0.313703588,0.249016005,0.265489892,0.204576743
7/6/2022 15:00,0.289458806,0.226503531,0.313677304,0.248894067,0.265240307,0.204112996
7/6/2022 18:00,0.289092089,0.225748919,0.313638994,0.248598761,0.264545184,0.202899076
7/6/2022 21:00,0.288849418,0.225071805,0.313608783,0.248341132,0.264090053,0.201802479
7/7/2022 0:00,0.288701313,0.224707712,0.31358331,0.24822494,0.263819315,0.201190484
7/7/2022 3:00,0.28870019,0.224637755,0.313564055,0.248218097,0.263836324,0.201057414
7/7/2022 6:00,0.288709608,0.224607834,0.313544642,0.248215705,0.263874574,0.200999963
7/7/2022 9:00,0.288702577,0.224598227,0.313524164,0.248214579,0.263880989,0.200981875
7/7/2022 12:00,0.288702309,0.22459144,0.31350646,0.24821504,0.263898159,0.200967841
7/7/2022 15:00,0.288564197,0.224302438,0.313480864,0.248091889,0.263647531,0.200512987
7/7/2022 18:00,0.288211742,0.223595816,0.31344164,0.247808054,0.262981845,0.199383579
7/7/2022 21:00,0.288000494,0.222980715,0.313410829,0.247552466,0.262590159,0.198408965
7/8/2022 0:00,0.287877196,0.222634504,0.313384222,0.247425559,0.26237017,0.19784345
7/8/2022 3:00,0.28784815,0.222567069,0.313364597,0.247408463,0.262331703,0.197725675
7/8/2022 6:00,0.287838067,0.222534194,0.313347605,0.247393587,0.262328529,0.197674801
7/8/2022 9:00,0.287833112,0.222522442,0.313326909,0.247385071,0.262339315,0.197659813
7/8/2022 12:00,0.287835813,0.222510127,0.313309,0.247376877,0.262362625,0.197643377
7/8/2022 15:00,0.287697796,0.222208205,0.313282908,0.247242196,0.262112684,0.197174214
7/8/2022 18:00,0.287370077,0.221467813,0.313246799,0.246894655,0.261493356,0.196040971
7/8/2022 21:00,0.287187405,0.220930292,0.313214975,0.246686492,0.261159835,0.195174093
7/9/2022 0:00,0.287077048,0.220632457,0.313187351,0.24657553,0.260966745,0.194689384
7/9/2022 3:00,0.287300139,0.220569037,0.313170708,0.24655618,0.26142957,0.194581895
7/9/2022 6:00,0.287517906,0.220543402,0.313148815,0.246543255,0.261886998,0.19454355
7/9/2022 9:00,0.287615423,0.220529505,0.313129728,0.246537511,0.262101118,0.194521499
7/9/2022 12:00,0.287622327,0.220517789,0.313109433,0.246531795,0.262135221,0.194503784
7/9/2022 15:00,0.287470052,0.220187641,0.313081371,0.246382339,0.261858734,0.193992944
7/9/2022 18:00,0.287125208,0.219509927,0.313050032,0.246060017,0.261200385,0.192959838
7/9/2022 21:00,0.287052203,0.219075033,0.31302904,0.245875625,0.261075367,0.192274442
7/10/2022 0:00,0.287267077,0.218924688,0.313001336,0.245777746,0.261532818,0.19207163
7/10/2022 3:00,0.287263823,0.218859221,0.312980674,0.245756791,0.261546971,0.191961651
7/10/2022 6:00,0.287250685,0.218827252,0.312962233,0.245737505,0.261539136,0.191916999
7/10/2022 9:00,0.287246144,0.218809992,0.312942565,0.245729089,0.261549723,0.191890895
7/10/2022 12:00,0.287245815,0.218793466,0.31292389,0.245718333,0.26156774,0.191868599
7/10/2022 15:00,0.28707828,0.218458045,0.31289977,0.245550512,0.261256791,0.191365577
7/10/2022 18:00,0.286697315,0.217810591,0.312867339,0.245242066,0.260527291,0.190379117
7/10/2022 21:00,0.286448138,0.217460696,0.312834839,0.245102307,0.260061438,0.189819084
7/11/2022 0:00,0.286279837,0.217264389,0.312807718,0.24499828,0.259751956,0.189530497
7/11/2022 3:00,0.286223599,0.217394222,0.312786108,0.244974475,0.25966109,0.189813969
7/11/2022 6:00,0.286203723,0.217450799,0.312763262,0.244964351,0.259644185,0.189937248
7/11/2022 9:00,0.286205628,0.217437188,0.312748061,0.244953013,0.259663195,0.189921364
7/11/2022 12:00,0.286220563,0.217422226,0.312731595,0.2449353,0.259709531,0.189909153
7/11/2022 15:00,0.286078912,0.217201477,0.312708618,0.244834514,0.259449206,0.189568439
7/11/2022 18:00,0.285717456,0.216591779,0.312671946,0.244544135,0.258762966,0.188639423
7/11/2022 21:00,0.285512124,0.216138273,0.312642869,0.244301451,0.258381379,0.187975094
7/12/2022 0:00,0.285421243,0.216066376,0.312620658,0.244188586,0.258221827,0.187944165
7/12/2022 3:00,0.285415565,0.216132951,0.312597453,0.244170052,0.258233677,0.188095851
7/12/2022 6:00,0.285405043,0.216111682,0.312578909,0.244161084,0.258231178,0.188062279
7/12/2022 9:00,0.285406109,0.216106618,0.312560839,0.244158641,0.25825138,0.188054594
7/12/2022 12:00,0.285412385,0.216099573,0.312541988,0.244152714,0.258282782,0.188046432
7/12/2022 15:00,0.285271573,0.215784204,0.312516557,0.243998149,0.258026589,0.187570259
7/12/2022 18:00,0.284946987,0.215137601,0.312480561,0.243693088,0.257413413,0.186582115
7/12/2022 21:00,0.284793832,0.214731215,0.312451273,0.243525722,0.25713639,0.185936707
7/13/2022 0:00,0.284727058,0.2144885,0.312429632,0.243433981,0.257024485,0.185543019
7/13/2022 3:00,0.284693032,0.214423622,0.312412506,0.243408882,0.256973559,0.185438362
7/13/2022 6:00,0.284688543,0.214401294,0.312391357,0.24339819,0.25698573,0.185404398
7/13/2022 9:00,0.284685378,0.214396633,0.312373462,0.243392833,0.256997294,0.185400433
7/13/2022 12:00,0.284688203,0.214397334,0.312353384,0.243391965,0.257023023,0.185402704
7/13/2022 15:00,0.284553691,0.214079997,0.312326167,0.2432401,0.256781215,0.184919895
7/13/2022 18:00,0.284229594,0.213469904,0.312289238,0.242945443,0.25616995,0.183994365
7/13/2022 21:00,0.284062094,0.213202223,0.312263392,0.242802697,0.255860795,0.183601749
7/14/2022 0:00,0.283948416,0.21316445,0.31224014,0.242697353,0.255656691,0.183631546
7/14/2022 3:00,0.283913706,0.213281722,0.312218826,0.24268353,0.255608586,0.183879914
7/14/2022 6:00,0.283907128,0.213537261,0.312200788,0.242674265,0.255613467,0.184400257
7/14/2022 9:00,0.28391081,0.214240976,0.312182832,0.242665289,0.255638788,0.185816663
7/14/2022 12:00,0.283923152,0.214418065,0.312162278,0.242661061,0.255684025,0.186175068
7/14/2022 15:00,0.283796493,0.217054765,0.312139101,0.242610727,0.255453886,0.191498803
7/14/2022 18:00,0.283615521,0.219408259,0.312107213,0.24246807,0.255123829,0.196348448
7/14/2022 21:00,0.284980195,0.218646442,0.312080774,0.24222169,0.257879616,0.195071195
7/15/2022 0:00,0.284998429,0.218167189,0.312055113,0.242110574,0.257941746,0.194223803
7/15/2022 3:00,0.284949611,0.218082438,0.312036443,0.242112805,0.25786278,0.194052071
7/15/2022 6:00,0.284937038,0.218053931,0.312017411,0.242125986,0.257856664,0.193981876
7/15/2022 9:00,0.284930842,0.218024393,0.311996758,0.242132192,0.257864925,0.193916594
7/15/2022 12:00,0.284930159,0.217995412,0.311980753,0.242135742,0.257879565,0.193855082
7/15/2022 15:00,0.28478445,0.217754642,0.311957787,0.242051659,0.257611112,0.193457624
7/15/2022 18:00,0.284392298,0.21703886,0.311927859,0.241796936,0.256856737,0.192280785
7/15/2022 21:00,0.284073361,0.21639082,0.311895897,0.241578461,0.256250824,0.191203179
7/16/2022 0:00,0.283878003,0.216190376,0.311870141,0.241466837,0.255885866,0.190913915
7/16/2022 3:00,0.283817473,0.216139081,0.31185214,0.24146262,0.255782805,0.190815542
7/16/2022 6:00,0.283798294,0.216105557,0.311833598,0.241464949,0.25576299,0.190746166
7/16/2022 9:00,0.283793966,0.216081347,0.31181456,0.241461819,0.255773372,0.190700875
7/16/2022 12:00,0.283799472,0.216065898,0.311796644,0.241460662,0.2558023,0.190671134
7/16/2022 15:00,0.28366706,0.21578084,0.311772718,0.241342948,0.255561402,0.190218733
7/16/2022 18:00,0.283285897,0.215024605,0.311736336,0.241042938,0.254835458,0.189006271
7/16/2022 21:00,0.283022986,0.214370417,0.311703529,0.24082707,0.254342444,0.187913764
7/17/2022 0:00,0.282863696,0.213997783,0.311679013,0.240706821,0.254048378,0.187288746
7/17/2022 3:00,0.282816605,0.213918543,0.311660959,0.240696566,0.253972252,0.187140519
7/17/2022 6:00,0.282801247,0.213883142,0.311642575,0.240692156,0.253959919,0.187074127
7/17/2022 9:00,0.282798473,0.21386477,0.311623121,0.240689375,0.253973825,0.187040164
7/17/2022 12:00,0.282803615,0.213848394,0.311603267,0.240687331,0.254003963,0.187009457
7/17/2022 15:00,0.282654157,0.213514944,0.311579411,0.240551146,0.253728903,0.186478741
7/17/2022 18:00,0.282321198,0.212781857,0.31154565,0.240265498,0.253096747,0.185298216
7/17/2022 21:00,0.282117667,0.212284723,0.311516882,0.240096214,0.252718452,0.184473233
7/18/2022 0:00,0.28197196,0.211976014,0.31149169,0.239997249,0.252452229,0.183954779
7/18/2022 3:00,0.281927281,0.21190006,0.311472784,0.23998633,0.252381777,0.18381379
7/18/2022 6:00,0.281911904,0.211861892,0.311455213,0.239978732,0.252368594,0.183745053
7/18/2022 9:00,0.28190499,0.211838826,0.311435815,0.239970805,0.252374166,0.183706846
7/18/2022 12:00,0.281903843,0.211833621,0.311420779,0.239970224,0.252386907,0.183697019
7/18/2022 15:00,0.281779414,0.211545133,0.311392389,0.239845524,0.252166439,0.183244743
7/18/2022 18:00,0.281499009,0.210865504,0.311358051,0.239517762,0.251639968,0.182213247
7/18/2022 21:00,0.281322243,0.210352544,0.311331106,0.239306819,0.251313379,0.181398269
7/19/2022 0:00,0.281204169,0.210076671,0.311310451,0.239217127,0.251097887,0.180936215
7/19/2022 3:00,0.281162393,0.209996379,0.311291745,0.239195739,0.251033041,0.180797018
7/19/2022 6:00,0.281148399,0.209960423,0.311274513,0.239188326,0.251022286,0.18073252
7/19/2022 9:00,0.281148776,0.209935713,0.311258838,0.239180159,0.251038714,0.180691267
7/19/2022 12:00,0.281154664,0.209927133,0.311241443,0.239171143,0.251067885,0.180683123
7/19/2022 15:00,0.281037379,0.209652277,0.311221583,0.239045969,0.250853175,0.180258584
7/19/2022 18:00,0.280751953,0.209005376,0.311188259,0.238727752,0.250315647,0.179283
7/19/2022 21:00,0.280598463,0.208546633,0.311163698,0.238530349,0.250033227,0.178562917
7/20/2022 0:00,0.280490343,0.208298484,0.311137325,0.238435265,0.249843362,0.178161703
7/20/2022 3:00,0.280451736,0.208232638,0.311116989,0.238417837,0.249786482,0.178047439
7/20/2022 6:00,0.28044162,0.208205629,0.311095605,0.238407762,0.249787636,0.178003496
7/20/2022 9:00,0.28044661,0.208193001,0.311077176,0.238403534,0.249816043,0.177982468
7/20/2022 12:00,0.280587959,0.208190569,0.311060989,0.238396662,0.250114929,0.177984477
7/20/2022 15:00,0.280629399,0.207933827,0.311037638,0.238285749,0.25022116,0.177581905
7/20/2022 18:00,0.280338098,0.207310183,0.311005151,0.237972972,0.249671045,0.176647394
7/20/2022 21:00,0.280201459,0.206914961,0.3109815,0.237786351,0.249421417,0.176043571
7/21/2022 0:00,0.280157203,0.206707412,0.310959631,0.237706949,0.249354776,0.175707875
7/21/2022 3:00,0.28016274,0.206653242,0.31094419,0.237687733,0.249381291,0.175618751
7/21/2022 6:00,0.280169684,0.206629887,0.310927341,0.237677378,0.249412026,0.175582396
7/21/2022 9:00,0.28029247,0.206621666,0.310910233,0.237672048,0.249674708,0.175571284
7/21/2022 12:00,0.280734233,0.206618285,0.310892714,0.237662288,0.250575752,0.175574282
7/21/2022 15:00,0.280875171,0.206386063,0.310868842,0.237545345,0.250881499,0.175226781
7/21/2022 18:00,0.280647528,0.205976134,0.310835098,0.237286664,0.250459958,0.174665605
7/21/2022 21:00,0.280543887,0.205743173,0.310808139,0.237100186,0.250279634,0.174386161
7/22/2022 0:00,0.280781831,0.205452485,0.310787211,0.23695515,0.25077645,0.17394982
7/22/2022 3:00,0.280792863,0.205419203,0.310770705,0.236941465,0.250815021,0.173896941
7/22/2022 6:00,0.280786129,0.205412789,0.310751282,0.236936737,0.250820975,0.173888841
7/22/2022 9:00,0.280780741,0.20541396,0.310735862,0.236931407,0.25082562,0.173896514
7/22/2022 12:00,0.280855863,0.205416443,0.310719473,0.236923328,0.250992254,0.173909558
7/22/2022 15:00,0.281123807,0.205284725,0.310693886,0.236815894,0.251553727,0.173753556
7/22/2022 18:00,0.281235997,0.205782938,0.3106626,0.236606455,0.251809395,0.174959422
7/22/2022 21:00,0.281158635,0.207189796,0.3106324,0.236499883,0.251684871,0.177879709
7/23/2022 0:00,0.28095156,0.207156043,0.310607257,0.236426554,0.251295864,0.177885533
7/23/2022 3:00,0.280892863,0.20710436,0.310590349,0.236421684,0.251195377,0.177787037
7/23/2022 6:00,0.280870189,0.207086398,0.310571956,0.236416955,0.251168423,0.177755841
7/23/2022 9:00,0.280860036,0.207074838,0.310554739,0.236415068,0.251165334,0.177734608
7/23/2022 12:00,0.280856221,0.207058606,0.310539393,0.236404962,0.251173048,0.177712251
7/23/2022 15:00,0.280704841,0.206839157,0.310516655,0.236315246,0.250893028,0.177363069
7/23/2022 18:00,0.280298039,0.206193593,0.310483382,0.236036994,0.250112696,0.176350192
7/23/2022 21:00,0.279983805,0.205753443,0.310455439,0.235835936,0.249512171,0.17567095
7/24/2022 0:00,0.27978579,0.205446316,0.310435374,0.235731965,0.249136205,0.175160667
7/24/2022 3:00,0.279724675,0.205378235,0.310418783,0.235722259,0.249030566,0.175034211
7/24/2022 6:00,0.279700111,0.205352438,0.310401694,0.235716929,0.248998529,0.174987947
7/24/2022 9:00,0.27968714,0.205342423,0.310385916,0.235709065,0.248988364,0.174975782
7/24/2022 12:00,0.2796851,0.205334947,0.310369121,0.235703448,0.249001079,0.174966446
7/24/2022 15:00,0.279552177,0.205097615,0.310343703,0.235597555,0.248760652,0.174597674
7/24/2022 18:00,0.27920106,0.204482563,0.310308964,0.235307824,0.248093156,0.173657302
7/24/2022 21:00,0.278955678,0.204037953,0.310281416,0.23511164,0.247629939,0.172964266
7/25/2022 0:00,0.278794358,0.203908539,0.310259507,0.235020292,0.247329208,0.172796786
7/25/2022 3:00,0.278746043,0.203847661,0.310245017,0.235006527,0.247247068,0.172688795
7/25/2022 6:00,0.27873065,0.20382856,0.31022903,0.235001171,0.247232271,0.172655948
7/25/2022 9:00,0.278723451,0.203821237,0.310212518,0.234996566,0.247234384,0.172645908
7/25/2022 12:00,0.278721206,0.203819398,0.310195354,0.234996751,0.247247057,0.172642046
7/25/2022 15:00,0.278596654,0.20357664,0.310172162,0.234871835,0.247021146,0.172281444
7/25/2022 18:00,0.278297624,0.202962558,0.310142298,0.23456526,0.24645295,0.171359857
7/25/2022 21:00,0.278095449,0.202554685,0.310115072,0.234384137,0.246075827,0.170725233
7/26/2022 0:00,0.27794398,0.202320567,0.310093377,0.234290725,0.245794583,0.170350408
7/26/2022 3:00,0.277896697,0.202253912,0.310074154,0.234268776,0.245719241,0.170239047
7/26/2022 6:00,0.277893422,0.20222946,0.31005904,0.234260127,0.245727804,0.170198793
7/26/2022 9:00,0.277890188,0.202219142,0.310043661,0.234254635,0.245736715,0.170183649
7/26/2022 12:00,0.277897164,0.202214212,0.310024659,0.23424754,0.245769669,0.170180883
7/26/2022 15:00,0.27778984,0.201973245,0.310003267,0.234131681,0.245576414,0.169814808
7/26/2022 18:00,0.277508187,0.201416869,0.309973945,0.2338608,0.245042429,0.168972938
7/26/2022 21:00,0.277324389,0.2010541,0.309949035,0.233681451,0.244699742,0.168426749
7/27/2022 0:00,0.277206586,0.200969499,0.309929009,0.23360261,0.244484163,0.168336389
7/27/2022 3:00,0.277169669,0.200921423,0.309910661,0.233588825,0.244428677,0.16825402
7/27/2022 6:00,0.277159763,0.200902892,0.30989161,0.233580927,0.244427916,0.168224857
7/27/2022 9:00,0.277171154,0.200898107,0.309876803,0.233571949,0.244465505,0.168224264
7/27/2022 12:00,0.277178186,0.200896333,0.309860952,0.233567525,0.244495419,0.16822514
7/27/2022 15:00,0.277070584,0.200661253,0.309842699,0.233445277,0.244298469,0.167877229
7/27/2022 18:00,0.27680058,0.200146798,0.309809473,0.233179297,0.243791688,0.167114299
7/27/2022 21:00,0.276645486,0.19992443,0.309785062,0.233022105,0.243505909,0.166826755
7/28/2022 0:00,0.276551818,0.199754551,0.30976406,0.232913699,0.243339577,0.166595402
7/28/2022 3:00,0.276522662,0.199716929,0.309749768,0.232897748,0.243295556,0.16653611
7/28/2022 6:00,0.276532795,0.199701312,0.309735474,0.23288938,0.243330117,0.166513244
7/28/2022 9:00,0.276539345,0.199697009,0.309719431,0.23287698,0.243359259,0.166517038
7/28/2022 12:00,0.276547191,0.199691622,0.309701731,0.232864924,0.243392652,0.166518319
7/28/2022 15:00,0.276446313,0.199469146,0.309675923,0.232747478,0.243216703,0.166190814
7/28/2022 18:00,0.276187999,0.198952993,0.309644955,0.232488995,0.242731042,0.165416992
7/28/2022 21:00,0.276040221,0.198641236,0.309615856,0.232323283,0.242464586,0.16495919
7/29/2022 0:00,0.275944769,0.198480775,0.309593768,0.23222204,0.24229577,0.164739511
7/29/2022 3:00,0.275924283,0.198449197,0.309577942,0.232206062,0.242270624,0.164692332
7/29/2022 6:00,0.275937308,0.198433981,0.309560691,0.23219342,0.242313925,0.164674542
7/29/2022 9:00,0.275947162,0.198429998,0.309544791,0.232180392,0.242349533,0.164679604
7/29/2022 12:00,0.275958245,0.198427668,0.309528194,0.232169872,0.242388297,0.164685463
7/29/2022 15:00,0.275856442,0.198202141,0.309506635,0.232036909,0.24220625,0.164367373
7/29/2022 18:00,0.275609383,0.197706407,0.309476847,0.231773339,0.241741919,0.163639475
7/29/2022 21:00,0.275632792,0.197414166,0.309448403,0.231587138,0.24181718,0.163241194
7/30/2022 0:00,0.275867344,0.19754456,0.309426849,0.231494841,0.242307839,0.163594278
7/30/2022 3:00,0.275885071,0.197542748,0.309410833,0.231477601,0.242359309,0.163607895
7/30/2022 6:00,0.275919578,0.197526603,0.309398331,0.231467134,0.242440825,0.163586072
7/30/2022 9:00,0.276032143,0.19752475,0.309381946,0.231459743,0.24268234,0.163589758
7/30/2022 12:00,0.276049233,0.197542346,0.309365477,0.231455573,0.242732989,0.16362912
7/30/2022 15:00,0.275969202,0.1973638,0.309342402,0.231352149,0.242596002,0.163375451
7/30/2022 18:00,0.275680094,0.196919394,0.309312443,0.231108306,0.242047744,0.162730483
7/30/2022 21:00,0.275625146,0.196651044,0.309285702,0.230925099,0.24196459,0.162376989
7/31/2022 0:00,0.275539519,0.19709658,0.30926132,0.230839114,0.241817717,0.163354045
7/31/2022 3:00,0.275505598,0.197517264,0.309245962,0.230824929,0.241765234,0.164209599
7/31/2022 6:00,0.2755007,0.1975051,0.309229435,0.230823793,0.241771965,0.164186407
7/31/2022 9:00,0.275505644,0.197486602,0.309213828,0.230820598,0.24179746,0.164152605
7/31/2022 12:00,0.275503694,0.197481075,0.309197465,0.230816442,0.241809922,0.164145709
7/31/2022 15:00,0.275392065,0.197313764,0.309175255,0.230725368,0.241608875,0.163902159
7/31/2022 18:00,0.275138908,0.196802409,0.309148091,0.230454228,0.241129725,0.16315059
7/31/2022 21:00,0.274944198,0.196411227,0.309123444,0.230279034,0.240764952,0.16254342
8/1/2022 0:00,0.274826951,0.196219971,0.309100145,0.230215662,0.240553758,0.16222428
8/1/2022 3:00,0.274792307,0.196161972,0.309084824,0.230199808,0.24049979,0.162124137
8/1/2022 6:00,0.274776003,0.19613939,0.309067367,0.230195053,0.24048464,0.162083726
8/1/2022 9:00,0.274785621,0.196131738,0.309052205,0.230193568,0.240519036,0.162069908
8/1/2022 12:00,0.274797347,0.196125846,0.309035426,0.230184652,0.240559269,0.16206704
8/1/2022 15:00,0.274710769,0.195916637,0.309016804,0.230070101,0.240404735,0.161763174
8/1/2022 18:00,0.274475569,0.195451091,0.308986323,0.22982166,0.239964814,0.161080521
8/1/2022 21:00,0.274312966,0.195219981,0.308963866,0.229648019,0.239662066,0.160791943
8/2/2022 0:00,0.274212972,0.195275873,0.30894372,0.22955705,0.239482225,0.160994696
8/2/2022 3:00,0.274182557,0.195315034,0.308925185,0.229545142,0.239439928,0.161084926
8/2/2022 6:00,0.274185559,0.195299829,0.308909871,0.229540022,0.239461247,0.161059636
8/2/2022 9:00,0.274192189,0.195292634,0.308895371,0.229538328,0.239489007,0.161046939
8/2/2022 12:00,0.274201737,0.195290388,0.308880344,0.22953209,0.239523131,0.161048686
8/2/2022 15:00,0.274109446,0.195096519,0.308859975,0.229429998,0.239358916,0.160763041
8/2/2022 18:00,0.273879857,0.194619531,0.308829116,0.229163431,0.238930598,0.160075631
8/2/2022 21:00,0.273735388,0.19429479,0.308807129,0.229010437,0.238663647,0.159579143
8/3/2022 0:00,0.273628445,0.194258902,0.308786452,0.228935311,0.238470438,0.159582493
8/3/2022 3:00,0.273604659,0.194354143,0.308770957,0.228924629,0.238438361,0.159783656
8/3/2022 6:00,0.273610433,0.194337222,0.308754862,0.22891618,0.238466005,0.159758264
8/3/2022 9:00,0.273612188,0.194330088,0.308737786,0.228911849,0.238486589,0.159748327
8/3/2022 12:00,0.273623455,0.194329636,0.308723442,0.228908142,0.238523467,0.159751129
8/3/2022 15:00,0.273535201,0.194137794,0.308701777,0.228804245,0.238368625,0.159471344
8/3/2022 18:00,0.273307836,0.193642132,0.308671011,0.2285467,0.237944661,0.158737564
8/3/2022 21:00,0.273170812,0.193316775,0.30864357,0.228383516,0.237698053,0.158250034
8/4/2022 0:00,0.273077948,0.193145773,0.308621223,0.228301446,0.237534673,0.1579901
8/4/2022 3:00,0.273056025,0.193129029,0.308602958,0.228290826,0.237509093,0.157967231
8/4/2022 6:00,0.273054536,0.193120651,0.30858795,0.228286835,0.237521121,0.157954467
8/4/2022 9:00,0.273067705,0.193123615,0.308575246,0.228282385,0.237560163,0.157964845
8/4/2022 12:00,0.273087889,0.193125809,0.308556851,0.228277708,0.237618926,0.157973911
8/4/2022 15:00,0.27300267,0.192934638,0.308534809,0.228181451,0.23747053,0.157687825
8/4/2022 18:00,0.272781123,0.192458306,0.30850969,0.227913314,0.237052556,0.157003298
8/4/2022 21:00,0.272682846,0.192167802,0.308485921,0.227754498,0.23687977,0.156581106
8/5/2022 0:00,0.272617357,0.191995509,0.308466775,0.227668804,0.236767939,0.156322215
8/5/2022 3:00,0.272893075,0.191963383,0.308445557,0.227658013,0.237340593,0.156268754
8/5/2022 6:00,0.27301697,0.191953763,0.30842932,0.227650671,0.237604621,0.156256856
8/5/2022 9:00,0.273043902,0.191951992,0.308411867,0.227646357,0.237675936,0.156257628
8/5/2022 12:00,0.273056898,0.191953087,0.308397723,0.2276397,0.237716072,0.156266474
8/5/2022 15:00,0.272969983,0.191750951,0.308376968,0.227529328,0.237562999,0.155972575
8/5/2022 18:00,0.272719264,0.191338669,0.30834898,0.227282769,0.237089548,0.15539457
8/5/2022 21:00,0.272565009,0.191681044,0.308324941,0.227164679,0.236805076,0.156197409
8/6/2022 0:00,0.272460798,0.19301645,0.308305054,0.227121035,0.236616543,0.158911864
8/6/2022 3:00,0.272440184,0.193067177,0.308287057,0.227115204,0.236593311,0.15901915
8/6/2022 6:00,0.272441078,0.193046285,0.308271563,0.227112615,0.236610594,0.158979955
8/6/2022 9:00,0.272456426,0.193033491,0.308257211,0.227107808,0.236655641,0.158959173
8/6/2022 12:00,0.272457916,0.193022865,0.308241059,0.227101225,0.236674773,0.158944505
8/6/2022 15:00,0.272371495,0.192874254,0.308220818,0.227035284,0.236522171,0.158713224
8/6/2022 18:00,0.272149705,0.192457074,0.308193717,0.226832973,0.236105693,0.158081175
8/6/2022 21:00,0.27202119,0.192258301,0.308169559,0.226666911,0.235872821,0.157849691
8/7/2022 0:00,0.271969836,0.192256578,0.308150228,0.226566199,0.235789445,0.157946957
8/7/2022 3:00,0.271954161,0.192219103,0.308135433,0.226558974,0.235772889,0.157879233
8/7/2022 6:00,0.271954729,0.192200643,0.308121753,0.226549248,0.235787705,0.157852038
8/7/2022 9:00,0.271961595,0.192193935,0.308105487,0.226547649,0.235817703,0.15784022
8/7/2022 12:00,0.27197345,0.192186647,0.308091069,0.226543297,0.235855832,0.157829997
8/7/2022 15:00,0.271902338,0.192013808,0.308073494,0.226461449,0.235731183,0.157566168
8/7/2022 18:00,0.271677317,0.19153135,0.308047058,0.226188344,0.235307575,0.156874356
8/7/2022 21:00,0.271544655,0.191165657,0.308024681,0.226010817,0.235064629,0.156320497
8/8/2022 0:00,0.271513966,0.191319362,0.308002968,0.225943955,0.235024964,0.156694769
8/8/2022 3:00,0.271507241,0.191297951,0.30798835,0.225933588,0.235026132,0.156662315
8/8/2022 6:00,0.271507116,0.191275979,0.307972311,0.225930608,0.235041921,0.156621349
8/8/2022 9:00,0.271529719,0.19126383,0.307957537,0.225927402,0.2351019,0.156600258
8/8/2022 12:00,0.271539967,0.191258312,0.307941333,0.225925819,0.235138601,0.156590804
8/8/2022 15:00,0.271471812,0.191080653,0.307917843,0.225841957,0.235025782,0.156319348
8/8/2022 18:00,0.271261346,0.190614743,0.307887386,0.225595337,0.234635307,0.155634149
8/8/2022 21:00,0.271261155,0.190251294,0.307865097,0.225397734,0.234657213,0.155104854
8/9/2022 0:00,0.271358736,0.190742471,0.307842546,0.225334495,0.234874926,0.156150447
8/9/2022 3:00,0.271336845,0.1911059,0.307827353,0.225328735,0.234846337,0.156883065
8/9/2022 6:00,0.271406264,0.191081953,0.30781249,0.225325549,0.235000037,0.156838356
8/9/2022 9:00,0.271541945,0.19107289,0.307799187,0.225322958,0.235284703,0.156822823
8/9/2022 12:00,0.271607103,0.191060714,0.307785376,0.225318369,0.23542883,0.15680306
8/9/2022 15:00,0.271617528,0.190891879,0.307766879,0.225238081,0.235468178,0.156545678
8/9/2022 18:00,0.271387004,0.190433179,0.307739969,0.22499598,0.235034039,0.155870377
8/9/2022 21:00,0.271437707,0.190686837,0.307713917,0.224862767,0.235161498,0.156510907
8/10/2022 0:00,0.27228284,0.192079812,0.30769476,0.224803944,0.23687092,0.159355679
8/10/2022 3:00,0.272423454,0.192085204,0.307679858,0.22479623,0.237167051,0.159374177
8/10/2022 6:00,0.272419386,0.192056463,0.30766564,0.224793625,0.237173132,0.1593193
8/10/2022 9:00,0.272418638,0.192039106,0.307649668,0.224795789,0.237187608,0.159282423
8/10/2022 12:00,0.27242773,0.192022686,0.307635361,0.22479413,0.237220098,0.159251242
8/10/2022 15:00,0.272589694,0.191934442,0.307615928,0.224741289,0.237563461,0.159127595
8/10/2022 18:00,0.27303499,0.191813338,0.307593231,0.224539779,0.238476748,0.159086897
8/10/2022 21:00,0.274017599,0.194459332,0.307573175,0.224458962,0.240462023,0.164459702
8/11/2022 0:00,0.274365229,0.194478091,0.307554819,0.22440994,0.24117564,0.164546243
8/11/2022 3:00,0.274339498,0.194428332,0.307543541,0.224412256,0.241135455,0.164444408
8/11/2022 6:00,0.274308831,0.194400741,0.307529035,0.224413304,0.241088627,0.164388179
8/11/2022 9:00,0.274290055,0.194379265,0.30751763,0.224413572,0.24106248,0.164344958
8/11/2022 12:00,0.274275843,0.194359882,0.307505161,0.224411285,0.241046525,0.164308479
8/11/2022 15:00,0.274149661,0.194227024,0.307487406,0.224367548,0.240811916,0.1640865
8/11/2022 18:00,0.27376181,0.193809245,0.307462765,0.224193025,0.240060856,0.163425466
8/11/2022 21:00,0.273397555,0.193524724,0.307440283,0.224043396,0.239354826,0.163006051
8/12/2022 0:00,0.273150323,0.193461187,0.307422769,0.223984119,0.238877878,0.162938255
8/12/2022 3:00,0.273054106,0.193404051,0.307410483,0.223982773,0.238697728,0.162825328
8/12/2022 6:00,0.272999279,0.193366566,0.307397029,0.223984937,0.23860153,0.162748195
8/12/2022 9:00,0.272967533,0.193339662,0.307384169,0.223985683,0.238550897,0.162693641
8/12/2022 12:00,0.272948463,0.193312594,0.307370905,0.223985354,0.238526021,0.162639833
8/12/2022 15:00,0.272852048,0.193182041,0.307353927,0.223932182,0.238350168,0.162431899
8/12/2022 18:00,0.272558054,0.192792194,0.307328386,0.223783099,0.237787722,0.161801289
8/12/2022 21:00,0.272281902,0.192487921,0.307309089,0.223637863,0.237254715,0.161337979
8/13/2022 0:00,0.272113756,0.192322377,0.307289335,0.223567867,0.236938177,0.161076888
8/13/2022 3:00,0.272051776,0.192272073,0.307275134,0.223563665,0.236828417,0.160980482
8/13/2022 6:00,0.272019507,0.192244002,0.307259444,0.223559758,0.236779569,0.160928247
8/13/2022 9:00,0.272003609,0.192213317,0.307246486,0.223558178,0.236760732,0.160868456
8/13/2022 12:00,0.271995236,0.192192622,0.307232858,0.223557872,0.236757614,0.160827373
8/13/2022 15:00,0.27189259,0.192014462,0.307216602,0.223499963,0.236568578,0.160528961
8/13/2022 18:00,0.271610149,0.191520359,0.307193367,0.223304179,0.236026931,0.15973654
8/13/2022 21:00,0.271381703,0.191063446,0.307172217,0.223125549,0.23559119,0.159001343
8/14/2022 0:00,0.271229868,0.190821296,0.307154877,0.223051833,0.235304858,0.158590758
8/14/2022 3:00,0.271179258,0.190763119,0.307139936,0.223047605,0.23521858,0.158478632
8/14/2022 6:00,0.271160594,0.190726575,0.307127986,0.223043011,0.235193203,0.158410138
8/14/2022 9:00,0.271151419,0.190703531,0.307114049,0.223036515,0.235188788,0.158370548
8/14/2022 12:00,0.271149882,0.190693572,0.307101114,0.223037116,0.23519865,0.158350028
8/14/2022 15:00,0.271061114,0.190531855,0.307084043,0.222964491,0.235038185,0.15809922
8/14/2022 18:00,0.270822775,0.190182683,0.307061847,0.222782291,0.234583703,0.157583075
8/14/2022 21:00,0.270637177,0.189919208,0.307038561,0.222613164,0.234235794,0.157225252
8/15/2022 0:00,0.270513341,0.189671485,0.307016968,0.222511034,0.234009714,0.156831937
8/15/2022 3:00,0.270478474,0.189634361,0.307004875,0.222508806,0.233952074,0.156759917
8/15/2022 6:00,0.270469945,0.189617511,0.306992211,0.222507784,0.233947678,0.156727238
8/15/2022 9:00,0.270469832,0.18960866,0.306978075,0.222507133,0.233961589,0.156710186
8/15/2022 12:00,0.270479658,0.189599211,0.306967603,0.222503467,0.233991713,0.156694955
8/15/2022 15:00,0.270410559,0.189408028,0.306949957,0.222408977,0.233871161,0.156407078
8/15/2022 18:00,0.270174989,0.188903465,0.306921976,0.222161988,0.233428001,0.155644941
8/15/2022 21:00,0.270004597,0.18854189,0.306901031,0.222007097,0.233108163,0.155076683
8/16/2022 0:00,0.26989961,0.18832398,0.306881678,0.221929011,0.232917543,0.154718948
8/16/2022 3:00,0.269873216,0.188279796,0.306868952,0.221923236,0.232877479,0.154636357
8/16/2022 6:00,0.269861692,0.188254411,0.306855988,0.221918946,0.232867396,0.154589875
8/16/2022 9:00,0.269858417,0.18824279,0.306842623,0.221915259,0.23287421,0.154570321
8/16/2022 12:00,0.269867596,0.188235491,0.306831586,0.22191074,0.232903605,0.154560242
8/16/2022 15:00,0.269796015,0.188048107,0.30681529,0.221825749,0.232776739,0.154270465
8/16/2022 18:00,0.26957438,0.187582682,0.3067881,0.221581323,0.232360661,0.15358404
8/16/2022 21:00,0.269418797,0.187260903,0.306765671,0.221436637,0.232071923,0.153085168
8/17/2022 0:00,0.269322223,0.187059902,0.306749363,0.221360167,0.231895083,0.152759637
8/17/2022 3:00,0.269295779,0.187019425,0.306735424,0.221358006,0.231856135,0.152680844
8/17/2022 6:00,0.269287565,0.186997889,0.306722989,0.22135331,0.231852141,0.152642468
8/17/2022 9:00,0.269287826,0.186988671,0.306708917,0.221351707,0.231866734,0.152625634
8/17/2022 12:00,0.269289427,0.186985058,0.306695584,0.221346858,0.231883271,0.152623258
8/17/2022 15:00,0.269223029,0.18681057,0.306677552,0.221249948,0.231768505,0.152371191
8/17/2022 18:00,0.269026845,0.186379732,0.306651692,0.221015937,0.231401998,0.151743527
8/17/2022 21:00,0.268907659,0.186310446,0.306627639,0.220870133,0.23118768,0.151750759
8/18/2022 0:00,0.269198236,0.18719937,0.30661136,0.220821949,0.231785111,0.153576791
8/18/2022 3:00,0.269781639,0.188266106,0.306600056,0.22081707,0.232963222,0.155715143
8/18/2022 6:00,0.27038554,0.188669083,0.306586299,0.220815988,0.234184782,0.156522178
8/18/2022 9:00,0.270561676,0.189700466,0.306572601,0.220814614,0.23455075,0.158586318
8/18/2022 12:00,0.270892566,0.19010219,0.30655926,0.220814012,0.235225873,0.159390368
8/18/2022 15:00,0.271436788,0.189993866,0.306543997,0.220767625,0.236329579,0.159220107
8/18/2022 18:00,0.271489594,0.189711435,0.306525377,0.220626865,0.23645381,0.158796006
8/18/2022 21:00,0.271892729,0.189703217,0.306507168,0.22048911,0.23727829,0.158917325
8/19/2022 0:00,0.272108801,0.190015378,0.306493988,0.220434911,0.237723614,0.159595846
8/19/2022 3:00,0.272146934,0.197494176,0.306483919,0.220435083,0.237809949,0.174553268
8/19/2022 6:00,0.272137907,0.198357439,0.306472291,0.220512376,0.237803523,0.176202502
8/19/2022 9:00,0.272123865,0.198325983,0.30646302,0.220576166,0.23778471,0.176075799
8/19/2022 12:00,0.272337866,0.198405279,0.306450514,0.220632611,0.238225219,0.176177948
8/19/2022 15:00,0.272438479,0.19844509,0.306437175,0.220668149,0.238439782,0.17622203
8/19/2022 18:00,0.272116583,0.198039815,0.30641548,0.220584186,0.237817686,0.175495444
8/19/2022 21:00,0.271982717,0.198075984,0.306398488,0.220521219,0.237566945,0.175630749
8/20/2022 0:00,0.27214123,0.197823808,0.306384075,0.220469156,0.237898385,0.17517846
8/20/2022 3:00,0.272156407,0.197790637,0.30637396,0.220505438,0.237938854,0.175075837
8/20/2022 6:00,0.272140108,0.197783467,0.306365499,0.220548861,0.237914718,0.175018073
8/20/2022 9:00,0.272135934,0.197769229,0.306357448,0.220586101,0.237914421,0.174952356
8/20/2022 12:00,0.27213544,0.19775082,0.306349121,0.220612261,0.237921758,0.174889379
8/20/2022 15:00,0.272074092,0.197591252,0.306338402,0.220597505,0.237809783,0.174584999
8/20/2022 18:00,0.2720758,0.197628367,0.306318228,0.220492285,0.237833372,0.17476445
8/20/2022 21:00,0.272485629,0.199511432,0.306296935,0.22044847,0.238674323,0.178574393
8/21/2022 0:00,0.272672419,0.199948876,0.306285156,0.220456758,0.239059682,0.179440994
8/21/2022 3:00,0.27291495,0.200085108,0.306275543,0.220505321,0.239554358,0.179664895
8/21/2022 6:00,0.273326486,0.200068736,0.306264872,0.220549152,0.2403881,0.179588319
8/21/2022 9:00,0.273538826,0.200045234,0.306254872,0.220595592,0.24082278,0.179494875
8/21/2022 12:00,0.273886577,0.200019361,0.306246988,0.220629207,0.241526166,0.179409515
8/21/2022 15:00,0.27429209,0.199875827,0.306235511,0.22062332,0.242348668,0.179128334
8/21/2022 18:00,0.274708165,0.199624308,0.306218134,0.220519696,0.243198196,0.17872892
8/21/2022 21:00,0.274835509,0.201386307,0.306201752,0.220504756,0.243469266,0.182267857
8/22/2022 0:00,0.275115178,0.202643292,0.306192144,0.220523692,0.244038212,0.184762892
8/22/2022 3:00,0.27606963,0.202618449,0.306187415,0.220578073,0.245951844,0.184658825
8/22/2022 6:00,0.27763997,0.203201286,0.30618294,0.220620805,0.249097001,0.185781768
8/22/2022 9:00,0.279599124,0.204517449,0.306180144,0.22066475,0.253018104,0.188370148
8/22/2022 12:00,0.28123326,0.205894572,0.306183029,0.220724493,0.256283492,0.191064652
8/22/2022 15:00,0.282645554,0.208602614,0.306189392,0.220791931,0.259101716,0.196413296
8/22/2022 18:00,0.283694085,0.214338277,0.30619342,0.220909208,0.26119475,0.207767346
8/22/2022 21:00,0.284784084,0.219058801,0.306203815,0.221093274,0.263364352,0.217024329
8/23/2022 0:00,0.28512821,0.221631272,0.306219218,0.221337679,0.264037201,0.221924865
8/23/2022 3:00,0.285199129,0.226871751,0.306241149,0.221589388,0.26415711,0.232154113
8/23/2022 6:00,0.285204807,0.232633804,0.306257077,0.222758419,0.264152538,0.242509188
8/23/2022 9:00,0.285189684,0.234081793,0.306272529,0.224027032,0.26410684,0.244136554
8/23/2022 12:00,0.285162298,0.234127317,0.306293456,0.224966265,0.26403114,0.24328837
8/23/2022 15:00,0.285066191,0.234026158,0.306310194,0.225648501,0.263822188,0.242403814
8/23/2022 18:00,0.284693307,0.233522924,0.306323984,0.226124309,0.263062631,0.24092154
8/23/2022 21:00,0.284275846,0.232989895,0.306328393,0.226433192,0.262223299,0.239546599
8/24/2022 0:00,0.283991642,0.232972985,0.306337274,0.226778261,0.261646011,0.239167709
8/24/2022 3:00,0.2839289,0.233410997,0.306350251,0.227128845,0.261507549,0.239693149
8/24/2022 6:00,0.283895823,0.233379843,0.306355745,0.227448965,0.2614359,0.239310721
8/24/2022 9:00,0.283874561,0.233319206,0.306363787,0.227716062,0.261385335,0.23892235
8/24/2022 12:00,0.283858054,0.23325962,0.306369828,0.227971152,0.261346281,0.238548088
8/24/2022 15:00,0.283767277,0.233326308,0.306376758,0.228196411,0.261157797,0.238456205
8/24/2022 18:00,0.283420729,0.233335656,0.306379412,0.228365808,0.260462045,0.238305503
8/24/2022 21:00,0.282970681,0.232759935,0.306372765,0.228478454,0.259568597,0.237041416
8/25/2022 0:00,0.282660337,0.232457285,0.306372059,0.228632168,0.258948615,0.236282403
8/25/2022 3:00,0.282578246,0.23237924,0.306375216,0.228841163,0.258781275,0.235917317
8/25/2022 6:00,0.282536988,0.232318428,0.306381527,0.229027554,0.25869245,0.235609302
8/25/2022 9:00,0.282506707,0.232260309,0.306385214,0.229204258,0.258628199,0.23531636
8/25/2022 12:00,0.282484994,0.232217441,0.306386357,0.229375368,0.258583631,0.235059514
8/25/2022 15:00,0.282366068,0.232034514,0.3063817,0.22948901,0.258350437,0.234580017
8/25/2022 18:00,0.281924552,0.231532884,0.306376614,0.229531213,0.25747249,0.233534555
8/25/2022 21:00,0.281420016,0.230977678,0.306368261,0.229556231,0.256471771,0.232399125
8/26/2022 0:00,0.281120249,0.230718655,0.306368171,0.22964464,0.255872326,0.23179267
8/26/2022 3:00,0.281025056,0.230655525,0.306366132,0.229753108,0.25568398,0.231557943
8/26/2022 6:00,0.280978127,0.230622462,0.30636423,0.229888853,0.255592025,0.231356072
8/26/2022 9:00,0.28095272,0.230585205,0.306362944,0.230010161,0.255542496,0.231160248
8/26/2022 12:00,0.280935607,0.230557662,0.306361326,0.230130343,0.255509887,0.230984982
8/26/2022 15:00,0.28084426,0.230424452,0.306357256,0.230211612,0.255331264,0.230637292
8/26/2022 18:00,0.28050868,0.229984173,0.306345959,0.230192761,0.254671401,0.229775586
8/26/2022 21:00,0.280142721,0.229482067,0.306335566,0.230146991,0.253949875,0.228817142
8/27/2022 0:00,0.27990802,0.229359038,0.306329694,0.230163316,0.253486346,0.22855476
8/27/2022 3:00,0.279833379,0.229330721,0.306326833,0.23026238,0.253339925,0.228399062
8/27/2022 6:00,0.279791286,0.229277101,0.306322242,0.230360925,0.25326033,0.228193278
8/27/2022 9:00,0.279773907,0.229222074,0.306319556,0.230421752,0.253228258,0.228022397
8/27/2022 12:00,0.279765169,0.229184298,0.306317288,0.230490901,0.253213051,0.227877695
8/27/2022 15:00,0.279680739,0.229058373,0.306312746,0.230540383,0.253048732,0.227576364
8/27/2022 18:00,0.279354669,0.228646418,0.3062941,0.23047473,0.252415237,0.226818105
8/27/2022 21:00,0.279059019,0.228104867,0.306283265,0.230382864,0.251834774,0.225826869
8/28/2022 0:00,0.278883024,0.227861919,0.306275877,0.230387672,0.251490172,0.225336165
8/28/2022 3:00,0.278844215,0.227812262,0.306268714,0.230457525,0.251419715,0.225166999
8/28/2022 6:00,0.278816173,0.227768562,0.306263166,0.230519334,0.251369181,0.225017791
8/28/2022 9:00,0.278794351,0.227729483,0.306254946,0.230577438,0.251333756,0.224881528
8/28/2022 12:00,0.27878614,0.227699995,0.306249634,0.230636929,0.251322647,0.22476306
8/28/2022 15:00,0.278711711,0.227505254,0.306242146,0.230636912,0.251181275,0.224373596
8/28/2022 18:00,0.278415369,0.226955467,0.306225536,0.230521469,0.250605202,0.223389464
8/28/2022 21:00,0.278122874,0.2265339,0.306214462,0.23042969,0.250031286,0.222638109
8/29/2022 0:00,0.27797857,0.226490062,0.30620457,0.230430236,0.249752569,0.222549889
8/29/2022 3:00,0.277981658,0.226416546,0.306198851,0.230463721,0.249764464,0.222369371
8/29/2022 6:00,0.278048602,0.22637958,0.306194076,0.230511247,0.249903127,0.222247912
8/29/2022 9:00,0.278092829,0.226347109,0.306187672,0.230552863,0.249997987,0.222141356
8/29/2022 12:00,0.278088979,0.2263288,0.306181388,0.230597125,0.249996571,0.222060476
8/29/2022 15:00,0.278058502,0.226244237,0.306172492,0.2306057,0.249944512,0.221882774
8/29/2022 18:00,0.27803249,0.226576789,0.306154686,0.230556959,0.249910294,0.222596618
8/29/2022 21:00,0.27827191,0.227777333,0.306140181,0.230512338,0.250403639,0.225042329
8/30/2022 0:00,0.278284134,0.227555565,0.306131182,0.230494886,0.250437087,0.224616243
8/30/2022 3:00,0.279864491,0.227506022,0.306124985,0.230539238,0.253603997,0.224472805
8/30/2022 6:00,0.282216615,0.227476145,0.306119491,0.230592408,0.258313739,0.224359882
8/30/2022 9:00,0.282997045,0.227455067,0.306116437,0.230635515,0.259877654,0.22427462
8/30/2022 12:00,0.283639539,0.227599999,0.306113134,0.230679588,0.261165943,0.224520409
8/30/2022 15:00,0.284088407,0.230407963,0.306108006,0.230699547,0.262068808,0.230116379
8/30/2022 18:00,0.284633267,0.23284726,0.306103265,0.230681803,0.263163268,0.235012717
8/30/2022 21:00,0.286365408,0.232902774,0.306100706,0.230685298,0.26663011,0.23512025
8/31/2022 0:00,0.287670316,0.232726576,0.306110754,0.230745518,0.269229879,0.234707633
8/31/2022 3:00,0.287854621,0.232666307,0.306125757,0.230838291,0.269583486,0.234494323
8/31/2022 6:00,0.28781584,0.23262585,0.30613843,0.230938778,0.269493251,0.234312921
8/31/2022 9:00,0.287788591,0.232597077,0.306153079,0.231041924,0.269424103,0.23415223
8/31/2022 12:00,0.287777113,0.232591561,0.306164136,0.231151722,0.269390089,0.2340314
8/31/2022 15:00,0.287945048,0.232408813,0.306174875,0.231197687,0.269715221,0.233619938
8/31/2022 18:00,0.289544718,0.231706141,0.306181354,0.231080676,0.272908082,0.232331607
8/31/2022 21:00,0.292165531,0.231007416,0.306186578,0.230983622,0.278144485,0.231031209
9/1/2022 0:00,0.294252728,0.231073446,0.306204204,0.230985947,0.282301252,0.231160945
9/1/2022 3:00,0.295201719,0.231043959,0.30623614,0.231068308,0.284167299,0.23101961
9/1/2022 6:00,0.295233743,0.230996146,0.306270367,0.231146223,0.284197118,0.23084607
9/1/2022 9:00,0.295225515,0.230958855,0.30630533,0.231227314,0.284145699,0.230690395
9/1/2022 12:00,0.295231655,0.230906058,0.306338371,0.231284567,0.284124939,0.23052755
9/1/2022 15:00,0.295350655,0.230791212,0.306382917,0.231323459,0.284318393,0.230258965
9/1/2022 18:00,0.295581526,0.230611542,0.306420238,0.231254155,0.284742814,0.229968928
9/1/2022 21:00,0.29574712,0.232124827,0.306458128,0.231221677,0.285036112,0.233027977
9/2/2022 0:00,0.295693132,0.233498836,0.306499754,0.231353597,0.28488651,0.235644075
9/2/2022 3:00,0.296183438,0.2343275,0.306541295,0.231459692,0.285825581,0.237195307
9/2/2022 6:00,0.296329839,0.234297844,0.306591799,0.231552804,0.286067879,0.237042883
9/2/2022 9:00,0.296330349,0.234251773,0.306637761,0.231655946,0.286022937,0.236847601
9/2/2022 12:00,0.29635384,0.234228918,0.306682381,0.231775456,0.2860253,0.23668238
9/2/2022 15:00,0.296893419,0.234107568,0.306730404,0.231835329,0.287056433,0.236379806
9/2/2022 18:00,0.297382826,0.233905062,0.306772669,0.231773613,0.287992982,0.236036511
9/2/2022 21:00,0.297893794,0.236043872,0.306817561,0.231788961,0.288970028,0.240298782
9/3/2022 0:00,0.2981483,0.237671256,0.30686426,0.231886299,0.28943234,0.243456214
9/3/2022 3:00,0.298143595,0.237676615,0.306917586,0.232028275,0.289369604,0.243324956
9/3/2022 6:00,0.298126179,0.237632173,0.306966343,0.232191765,0.289286014,0.243072581
9/3/2022 9:00,0.298160366,0.237602275,0.307015408,0.232354438,0.289305325,0.242850111
9/3/2022 12:00,0.298151781,0.237602915,0.307069391,0.232540096,0.289234172,0.242665734
9/3/2022 15:00,0.29805517,0.237499185,0.307120323,0.232689933,0.288990017,0.242308437
9/3/2022 18:00,0.297742529,0.236999813,0.30716116,0.232716168,0.288323898,0.241283458
9/3/2022 21:00,0.297478296,0.236858413,0.307202421,0.232746898,0.287754171,0.240969929
9/4/2022 0:00,0.297223541,0.238689953,0.307239801,0.232889826,0.287207282,0.24449008
9/4/2022 3:00,0.297553335,0.238759624,0.307286191,0.233133005,0.287820478,0.244386242
9/4/2022 6:00,0.297608793,0.238713091,0.307325572,0.233429422,0.287892015,0.243996759
9/4/2022 9:00,0.297579128,0.238662181,0.307370382,0.233707696,0.287787875,0.243616667
9/4/2022 12:00,0.297555883,0.238629431,0.30741543,0.233949683,0.287696336,0.243309178
9/4/2022 15:00,0.297436083,0.238528285,0.307457367,0.234180381,0.2874148,0.24287619
9/4/2022 18:00,0.29685274,0.23798725,0.307490898,0.234270925,0.286214583,0.241703575
9/4/2022 21:00,0.296520179,0.237315185,0.307527171,0.234308822,0.285513188,0.240321549
9/5/2022 0:00,0.297952033,0.238027817,0.307568869,0.234438383,0.288335197,0.241617251
9/5/2022 3:00,0.298469599,0.238083052,0.307611773,0.234619568,0.289327425,0.241546537
9/5/2022 6:00,0.298422239,0.238042614,0.307653057,0.234794168,0.289191422,0.241291059
9/5/2022 9:00,0.298390262,0.238005034,0.307698017,0.234961866,0.289082507,0.241048202
9/5/2022 12:00,0.298488566,0.237977461,0.307734632,0.235124297,0.289242499,0.240830625
9/5/2022 15:00,0.298448059,0.237801744,0.307778923,0.235225494,0.289117194,0.240377993
9/5/2022 18:00,0.297972508,0.237177732,0.307816611,0.235196526,0.288128406,0.239158937
9/5/2022 21:00,0.297583278,0.236479371,0.307849998,0.235157102,0.287316558,0.237801639
9/6/2022 0:00,0.297731805,0.236128836,0.307887345,0.235203168,0.287576265,0.237054504
9/6/2022 3:00,0.297814711,0.236046602,0.307929744,0.235312686,0.287699677,0.236780517
9/6/2022 6:00,0.297771736,0.23598403,0.307966728,0.235414773,0.287576745,0.236553287
9/6/2022 9:00,0.297747421,0.235929462,0.308001116,0.235499647,0.287493726,0.236359277
9/6/2022 12:00,0.297732447,0.235877112,0.308038188,0.235586117,0.287426706,0.236168107
9/6/2022 15:00,0.297622809,0.235940312,0.308068043,0.235642792,0.287177574,0.236237831
9/6/2022 18:00,0.297146553,0.235440976,0.308095422,0.235586427,0.286197684,0.235295525
9/6/2022 21:00,0.296738314,0.234953629,0.308122529,0.235503031,0.285354099,0.234404226
9/7/2022 0:00,0.296785579,0.234773983,0.308154524,0.235512084,0.285416635,0.234035882
9/7/2022 3:00,0.296709246,0.23470353,0.308188305,0.235579512,0.285230187,0.233827548
9/7/2022 6:00,0.296663082,0.234659576,0.308216599,0.235659097,0.285109565,0.233660055
9/7/2022 9:00,0.296635826,0.234614376,0.308246265,0.23572322,0.285025388,0.233505532
9/7/2022 12:00,0.296616259,0.234594455,0.308275424,0.235796698,0.284957095,0.233392211
9/7/2022 15:00,0.2965119,0.236257308,0.308302308,0.235843964,0.284721493,0.236670653
9/7/2022 18:00,0.296044609,0.236253276,0.308318931,0.235882607,0.283770287,0.236623946
9/7/2022 21:00,0.295486336,0.235572861,0.308336605,0.235782342,0.282636066,0.235363379
9/8/2022 0:00,0.295239661,0.235803837,0.308358787,0.235798241,0.282120536,0.235809433
9/8/2022 3:00,0.295183128,0.235959547,0.30838485,0.2358767,0.281981405,0.236042393
9/8/2022 6:00,0.295150479,0.235928396,0.308406203,0.235951127,0.281894756,0.235905665
9/8/2022 9:00,0.295140485,0.235884248,0.308432937,0.236013564,0.281848033,0.235754933
9/8/2022 12:00,0.295131812,0.235844414,0.308458031,0.236084425,0.281805592,0.235604402
9/8/2022 15:00,0.295049388,0.235702761,0.308477493,0.236118113,0.281621283,0.235287409
9/8/2022 18:00,0.294661307,0.235049049,0.308486341,0.2359805,0.280836274,0.234117598
9/8/2022 21:00,0.294202733,0.234304879,0.308501175,0.235839929,0.279904291,0.232769829
9/9/2022 0:00,0.293941719,0.233940808,0.308512055,0.23581337,0.279371383,0.232068246
9/9/2022 3:00,0.293862398,0.233867833,0.308527825,0.235868831,0.279196972,0.231866834
9/9/2022 6:00,0.29382662,0.233810905,0.308544804,0.23590179,0.279108437,0.231720019
9/9/2022 9:00,0.293808364,0.233767706,0.308561462,0.235944635,0.279055267,0.231590778
9/9/2022 12:00,0.293800944,0.23373239,0.308577958,0.235983972,0.27902393,0.231480809
9/9/2022 15:00,0.293728297,0.23354333,0.308590355,0.235967201,0.27886624,0.231119458
9/9/2022 18:00,0.293402877,0.232930006,0.308598812,0.235826704,0.278206943,0.230033307
9/9/2022 21:00,0.293011417,0.232287922,0.308605523,0.23570693,0.27741731,0.228868914
9/10/2022 0:00,0.292789095,0.231959058,0.308613302,0.235667718,0.276964889,0.228250398
9/10/2022 3:00,0.292722545,0.231866231,0.308628245,0.235702663,0.276816845,0.228029799
9/10/2022 6:00,0.292686036,0.231796374,0.30864074,0.235720815,0.276731333,0.227871933
9/10/2022 9:00,0.292666124,0.23174937,0.308652423,0.23574105,0.276679825,0.227757691
9/10/2022 12:00,0.292661566,0.231696978,0.308667715,0.235755061,0.276655417,0.227638895
9/10/2022 15:00,0.292599902,0.23154476,0.30867506,0.235735319,0.276524745,0.227354202
9/10/2022 18:00,0.292378402,0.231008877,0.308678775,0.235585146,0.276078028,0.226432609
9/10/2022 21:00,0.292102394,0.230492746,0.308678034,0.235451686,0.275526753,0.225533807
9/11/2022 0:00,0.291920627,0.230232975,0.308684448,0.23540868,0.275156806,0.225057271
9/11/2022 3:00,0.291869978,0.230164643,0.30869285,0.235429325,0.275047106,0.224899962
9/11/2022 6:00,0.291848343,0.230115797,0.308702843,0.235440952,0.274993843,0.224790641
9/11/2022 9:00,0.291844796,0.230083672,0.308712093,0.235463735,0.274977499,0.22470361
9/11/2022 12:00,0.291839807,0.230053602,0.308718502,0.235479358,0.274961112,0.224627847
9/11/2022 15:00,0.291806837,0.229918936,0.308724602,0.235449482,0.274889071,0.22438839
9/11/2022 18:00,0.291654386,0.229427977,0.308728928,0.235284382,0.274579845,0.223571573
9/11/2022 21:00,0.291428086,0.228899939,0.308729549,0.235118533,0.274126623,0.222681345
9/12/2022 0:00,0.291286834,0.228620685,0.308735296,0.235051302,0.273838372,0.222190067
9/12/2022 3:00,0.291250947,0.228571736,0.308737247,0.235064472,0.273764647,0.222078999
9/12/2022 6:00,0.291235308,0.228539975,0.308744722,0.235071496,0.273725894,0.222008454
9/12/2022 9:00,0.29122999,0.228514546,0.308750409,0.235079747,0.273709572,0.221949345
9/12/2022 12:00,0.291225834,0.228480599,0.308754926,0.235069645,0.273696741,0.221891553
9/12/2022 15:00,0.29117517,0.228330297,0.308755855,0.235033387,0.273594485,0.221627208
9/12/2022 18:00,0.290973585,0.227830602,0.308755372,0.23485938,0.273191799,0.220801824
9/12/2022 21:00,0.290732307,0.227299122,0.308752011,0.234689917,0.272712602,0.219908327
9/13/2022 0:00,0.290595975,0.2270595,0.308751576,0.234647298,0.272440375,0.219471702
9/13/2022 3:00,0.290563618,0.22702514,0.308753309,0.23465038,0.272373928,0.219399899
9/13/2022 6:00,0.290548072,0.22699848,0.308755949,0.234658539,0.272340194,0.219338421
9/13/2022 9:00,0.290545607,0.226981833,0.308758757,0.234666038,0.272332457,0.219297629
9/13/2022 12:00,0.290546665,0.226967524,0.308761589,0.234673125,0.272331741,0.219261923
9/13/2022 15:00,0.29050656,0.226844436,0.308763785,0.234624882,0.272249335,0.219063991
9/13/2022 18:00,0.290305731,0.226371024,0.308759331,0.234455485,0.27185213,0.218286563
9/13/2022 21:00,0.290093285,0.225924673,0.308755916,0.234320845,0.271430653,0.217528501
9/14/2022 0:00,0.289970898,0.225710677,0.308754664,0.234276085,0.271187133,0.217145269
9/14/2022 3:00,0.289941095,0.22567449,0.308757874,0.234282711,0.271124316,0.21706627
9/14/2022 6:00,0.289929592,0.225648862,0.30876179,0.234290938,0.271097394,0.217006786
9/14/2022 9:00,0.289928825,0.225621729,0.308761351,0.234285236,0.271096299,0.216958223
9/14/2022 12:00,0.289930125,0.225600023,0.308762784,0.234280929,0.271097467,0.216919116
9/14/2022 15:00,0.289898504,0.225472735,0.308759617,0.234228681,0.271037392,0.216716788
9/14/2022 18:00,0.289729162,0.225005294,0.308753364,0.234037296,0.270704961,0.215973292
9/14/2022 21:00,0.289550305,0.224572206,0.308748062,0.233897261,0.270352549,0.215247151
