date,BRAZOS,NECHES
1895-01-31,27.877445562962624,90.54636721575326
1895-02-28,36.37854554399073,46.01607328058746
1895-03-31,16.53234693055375,106.34760303431372
1895-04-30,43.541086251452114,58.72775426980557
1895-05-31,83.67295962812707,125.84087937307677
1895-06-30,130.14321708327924,167.0990086512519
1895-07-31,74.63138743681837,128.32180347361154
1895-08-31,46.17352673287654,91.86937880794727
1895-09-30,12.718197009303772,34.79563192402555
1895-10-31,62.48721596431299,68.25173095251523
1895-11-30,75.62535124530835,112.66607246007311
1895-12-31,62.335653993550494,91.95112974278015
1896-01-31,39.552103887976806,112.52342448098194
1896-02-29,35.730654742666765,128.9607942755444
1896-03-31,19.07363494419051,90.45410857778009
1896-04-30,42.32589377493871,92.5414702878708
1896-05-31,30.44954757954005,60.674518914580325
1896-06-30,23.047679638828658,61.58786108530382
1896-07-31,63.04623946329053,12.062266629365734
1896-08-31,36.84402398390965,58.321104074458546
1896-09-30,93.26593363487659,85.80836751641411
1896-10-31,72.30919630954895,138.79718384106022
1896-11-30,26.57363234867496,103.32467273393719
1896-12-31,37.733342404357906,29.069268676286367
1897-01-31,47.910760436538396,157.4876916630625
1897-02-28,9.285710188910137,43.39226077868525
1897-03-31,92.52965908362175,165.05378414977903
1897-04-30,47.752265629490566,75.11543251156272
1897-05-31,114.35168958559534,95.7213825738873
1897-06-30,81.23662863438435,100.79816167838318
1897-07-31,30.463085729719992,51.64535414906444
1897-08-31,63.48999761755819,86.04220982676148
1897-09-30,49.7294240990604,44.13139578787007
1897-10-31,44.027441404069656,91.17333306618809
1897-11-30,9.970189582616864,49.736082355434114
1897-12-31,29.322666755873847,164.09499478376352
1898-01-31,36.07256410128891,153.1407690413645
1898-02-28,38.6414968050274,85.99164088475976
1898-03-31,57.386113781328405,76.76344818513962
1898-04-30,56.913444305235814,59.616561299410385
1898-05-31,79.69690520798376,69.9546165312809
1898-06-30,139.3468714490213,177.68437958003526
1898-07-31,69.07123873279133,68.12087013852623
1898-08-31,64.30796701161906,86.09989979638223
1898-09-30,40.04549770603213,86.20743285622908
1898-10-31,12.894934728300305,82.63573876652205
1898-11-30,32.26527777464697,119.71707685417812
1898-12-31,54.2176607313954,71.84272451679826
1899-01-31,15.260226006789155,123.16277859185769
1899-02-28,11.602490565412102,53.566110872785394
1899-03-31,13.200945514135064,59.714844379255986
1899-04-30,62.578443518457306,76.57886129304222
1899-05-31,82.55442366126744,48.37669835536091
1899-06-30,157.9443161555849,125.24679595780408
1899-07-31,78.26509910922195,68.76885435663887
1899-08-31,3.5448079678375692,55.6975481641453
1899-09-30,44.10925703716432,30.92595969133154
1899-10-31,71.32306757488651,69.77402255889174
1899-11-30,81.3897004235098,61.7593404332541
1899-12-31,67.23025569661614,124.85214823580147
1900-01-31,38.074053627796324,102.78551760729425
1900-02-28,14.017485689640846,104.08195374049573
1900-03-31,69.12763813233265,135.54427906371535
1900-04-30,203.28516310571,176.6931843972634
1900-05-31,123.75681815729934,139.73116979254345
1900-06-30,35.30813438690473,148.6313759692032
1900-07-31,97.11519349827586,119.92530338688307
1900-08-31,65.8599672547087,94.69914343208747
1900-09-30,165.62532986178874,104.34426829357481
1900-10-31,77.76318383210467,94.02210547350133
1900-11-30,24.949789336755753,106.19293574711871
1900-12-31,15.705269268892843,62.38460247641496
1901-01-31,5.667298027192938,52.006279814240905
1901-02-28,39.463393007934386,100.11152134469774
1901-03-31,23.00507335578197,86.77092137071661
1901-04-30,35.70201939315328,80.40375899483395
1901-05-31,108.52568626807208,82.67971886701503
1901-06-30,12.407342580181355,49.5124561599139
1901-07-31,34.58564963055767,76.45750193747497
1901-08-31,27.681749494321775,68.6921378266187
1901-09-30,62.14232965638746,125.91615614438253
1901-10-31,27.806752846120553,62.06108583683347
1901-11-30,39.487514301427964,66.10580893470232
1901-12-31,15.03773771199109,76.5793206919888
1902-01-31,9.136098578365225,54.58493225052659
1902-02-28,8.654938175400703,67.01947660163324
1902-03-31,45.77763437912146,96.14798544873251
1902-04-30,44.390374541843656,76.42799710795971
1902-05-31,106.89388652000592,95.39494989936036
1902-06-30,28.853698444328224,57.48183975588379
1902-07-31,144.8525014004122,200.10843206367238
1902-08-31,5.144929427442651,20.272232726894597
1902-09-30,86.36758835759596,156.10519433843302
1902-10-31,56.89403152320892,96.70597253171928
1902-11-30,125.39442490709186,208.32498140502892
1902-12-31,32.39057235995001,76.74760086043901
1903-01-31,46.05356186250891,98.02234077499035
1903-02-28,119.84220986573149,188.8978795925903
1903-03-31,42.72508882629505,135.1846954762555
1903-04-30,20.804549069201702,24.192547678746763
1903-05-31,54.99183789775906,61.94511257589464
1903-06-30,91.77173914011898,112.8336707190386
1903-07-31,61.184143030136426,163.2777681030282
1903-08-31,40.91563168376171,76.26776269539425
1903-09-30,76.60923868785457,36.46133001151323
1903-10-31,42.296344914926934,90.29515934863768
1903-11-30,0.37448982309174605,5.650286857259979
1903-12-31,9.416108737497847,80.32729351405655
1904-01-31,14.003696524932819,40.78069820207636
1904-02-29,32.297986981048915,73.70189816470382
1904-03-31,14.275371944437095,69.83204200849389
1904-04-30,59.77318800975631,112.15863391217214
1904-05-31,100.13180917061817,110.57577286814288
1904-06-30,112.9031483138956,121.43370463129013
1904-07-31,42.97920991978676,109.37644295712565
1904-08-31,49.86566376532213,70.41509140599362
1904-09-30,82.95700886985536,73.31172735619542
1904-10-31,79.16595988816857,35.72233695954715
1904-11-30,7.4568619858386365,38.69639389364483
1904-12-31,18.45327134825593,170.1534090503705
1905-01-31,23.821159569827206,87.85832633199539
1905-02-28,47.66099513123191,114.5749401157397
1905-03-31,104.5559779970266,154.34486005328404
1905-04-30,142.9533909074488,224.4512736873071
1905-05-31,119.128802846144,173.7131339053876
1905-06-30,90.17569957919108,167.83046643699942
1905-07-31,97.4964460433405,208.20237176617675
1905-08-31,36.18110386301475,36.65192134004039
1905-09-30,68.43173994846467,57.32016562318374
1905-10-31,72.55535058459206,82.42946549537079
1905-11-30,67.76031661985814,120.02880439173342
1905-12-31,54.45389213597253,164.9908427658659
1906-01-31,17.413514077809744,83.12584049886395
1906-02-28,29.06190352866381,57.726134306580384
1906-03-31,33.597155204369585,84.38021446234174
1906-04-30,75.76786558969947,76.62828460901912
1906-05-31,106.01767595219623,83.56768623894357
1906-06-30,87.28605686372991,116.04341403555533
1906-07-31,97.10865044542459,154.95666467190628
1906-08-31,125.15244402547582,63.967497732772216
1906-09-30,90.13394144220327,113.64045364250826
1906-10-31,39.64355817312939,94.45731599107835
1906-11-30,56.69897033508358,67.44655896538663
1906-12-31,33.572655376506596,125.42653744478628
1907-01-31,21.963756501821617,48.235910474154636
1907-02-28,12.808494353510344,68.24306556559455
1907-03-31,34.074343841648194,63.77387123002803
1907-04-30,38.28328434837862,109.9263984512129
1907-05-31,129.6999705898978,262.3940383775544
1907-06-30,66.64916024721764,35.34338119862946
1907-07-31,81.84806410292275,49.098809105641116
1907-08-31,28.783231213427847,44.897633255783965
1907-09-30,25.087667788728755,57.00009052234422
1907-10-31,135.92779536753676,152.32851665843486
1907-11-30,95.50015958167133,229.02984872556345
1907-12-31,36.87607049497643,112.69955032464905
1908-01-31,18.05970013860426,65.09511924730137
1908-02-29,39.69281838712461,157.42091929516022
1908-03-31,38.513420166727485,70.68321151822671
1908-04-30,157.88772797706594,148.45136301824414
1908-05-31,176.10855146272934,200.18999372977416
1908-06-30,60.174829391390816,60.62954530686147
1908-07-31,76.55115336093368,77.14691887273632
1908-08-31,46.207234548736054,104.38442292905641
1908-09-30,64.29295515371939,99.37334003466167
1908-10-31,38.83586481399311,28.210624512373737
1908-11-30,53.64742900208298,79.72405797872185
1908-12-31,10.650514228917144,67.937511011101
1909-01-31,2.1466976398775244,14.904016885042903
1909-02-28,8.56798597753015,94.0529964332627
1909-03-31,29.74903577536801,62.5170617986342
1909-04-30,25.766501709337756,80.43751906168687
1909-05-31,61.16933195431057,110.13868235775504
1909-06-30,102.69541884871786,83.8193039163409
1909-07-31,35.638171652774005,51.15659985632688
1909-08-31,50.38937933663075,58.660952745112674
1909-09-30,24.025836622020886,26.696303203163136
1909-10-31,60.26509420003353,82.6469169408229
1909-11-30,88.62915478300225,52.44314579454231
1909-12-31,39.264019423107946,158.0733544846095
1910-01-31,10.834091194122982,45.91597298481524
1910-02-28,20.354894950495698,109.15789106737404
1910-03-31,37.35639495255983,39.82568038900548
1910-04-30,54.24092009224332,92.80538612660214
1910-05-31,93.89060835282852,161.65071176951048
1910-06-30,37.35828509917427,97.26129097897683
1910-07-31,23.75259836397367,62.642506237363015
1910-08-31,29.655530682660082,38.508965002325006
1910-09-30,33.78241788679617,33.78260881754738
1910-10-31,44.91325362673896,43.75704460052898
1910-11-30,15.503129665665352,47.06794187757376
1910-12-31,32.905811698947645,123.02055952746743
1911-01-31,9.374679848779119,16.9715029429214
1911-02-28,84.8712715305746,81.68976309431626
1911-03-31,32.56834507450171,84.35274376222817
1911-04-30,93.80786307614227,235.0429042112152
1911-05-31,24.91557709454841,58.78206197394504
1911-06-30,10.948475328414009,38.28399333236864
1911-07-31,95.40655434914297,194.49838404098156
1911-08-31,66.95967295063147,82.50671713282168
1911-09-30,50.54815413871284,28.37008678694063
1911-10-31,33.8199112276877,63.78494434654903
1911-11-30,17.186729102051192,85.70989629365876
1911-12-31,107.12464064065482,260.5468906631679
1912-01-31,1.0150177857837313,45.19266668102682
1912-02-29,51.550349139336255,61.430999434586404
1912-03-31,62.711422890864625,179.73544508799307
1912-04-30,56.2099471093747,131.15137514296626
1912-05-31,41.11085188364595,70.84347988825537
1912-06-30,72.46493991680792,100.32864782569986
1912-07-31,26.26510682913397,55.40494773274569
1912-08-31,80.11819163756657,91.49908469091451
1912-09-30,35.16167270790596,20.494241751847778
1912-10-31,62.61161557801848,45.67036505966653
1912-11-30,16.895108861465943,19.166494189026437
1912-12-31,40.70184319675925,167.24487673583198
1913-01-31,27.57939110063229,100.66346980036093
1913-02-28,31.908996671778446,109.64756300226684
1913-03-31,30.889430861443145,113.32369849132076
1913-04-30,56.55594004704086,101.17654403472031
1913-05-31,76.35524721150082,81.00342670007767
1913-06-30,85.79666405632086,63.98218818426286
1913-07-31,25.709273459757277,51.23612564337041
1913-08-31,19.04429922158527,37.26961759530648
1913-09-30,111.83599413880451,277.8389719442899
1913-10-31,97.27813740387596,120.15882590380359
1913-11-30,143.64324479892332,59.79587713995173
1913-12-31,129.9305252309138,193.58772031702372
1914-01-31,3.013951605439507,26.65873183996271
1914-02-28,18.156234762094048,92.28311477391254
1914-03-31,45.16098269676711,141.50398950964345
1914-04-30,104.3655534807189,133.68663901966877
1914-05-31,191.8396302315256,212.88384755650407
1914-06-30,38.27468652811305,26.32598907462977
1914-07-31,44.99716728579395,23.96936876959994
1914-08-31,191.4655865737384,176.01393975621465
1914-09-30,28.300478068404214,38.895781135929724
1914-10-31,75.87298646875415,27.808202120546294
1914-11-30,82.18625132515083,144.65704694993886
1914-12-31,68.59780439919012,193.61145705969756
1915-01-31,25.722341983102503,106.65189637026982
1915-02-28,40.884131959139175,99.15115165376537
1915-03-31,30.222888898146994,62.80748166915295
1915-04-30,171.2064290745951,159.39756480476666
1915-05-31,58.294222263539616,55.646811955084026
1915-06-30,99.27172722107156,65.15492099473177
1915-07-31,49.163297859775426,80.02118139004182
1915-08-31,130.15544828591936,269.2142263150819
1915-09-30,88.76912582519567,22.772373283137814
1915-10-31,48.16292423249299,39.21712892791846
1915-11-30,12.117582578522521,80.77233605597527
1915-12-31,43.673587277151725,86.58965979263023
1916-01-31,55.83008687583648,163.29506473221485
1916-02-29,0.37386017785043246,7.349167964308123
1916-03-31,22.085380653465638,17.533762964985055
1916-04-30,131.69368580111808,113.0616084957476
1916-05-31,86.37849989322144,223.91642162226537
1916-06-30,61.17931147036615,82.26081083683462
1916-07-31,27.86167625241562,78.24735529604297
1916-08-31,31.0782862792118,55.0951048650175
1916-09-30,44.25585024291852,36.13180632817501
1916-10-31,64.28650546167326,38.37295879231285
1916-11-30,37.14863885798666,77.21636200503266
1916-12-31,1.6099966111646444,62.33365471728002
1917-01-31,15.750238164593924,78.44065915290355
1917-02-28,14.22675857457774,84.2575117203103
1917-03-31,21.065486509950492,58.97741969308137
1917-04-30,49.79186233726216,107.42934475500736
1917-05-31,76.65068940614131,76.79333864503108
1917-06-30,17.943956964712278,21.531287370840655
1917-07-31,47.753161265360504,124.22037241337829
1917-08-31,35.94345971826695,54.60887716483853
1917-09-30,45.62056027023558,68.86444578864919
1917-10-31,3.0630660320210557,25.787633414158066
1917-11-30,21.08515723023008,40.9313017058704
1917-12-31,0.20312534718174066,29.196571702923936
1918-01-31,19.789210256784887,48.00698465342771
1918-02-28,13.747311744537003,34.11706074815194
1918-03-31,23.808923108574664,54.86862722627617
1918-04-30,77.18449922890719,185.98839792740392
1918-05-31,53.23233401384878,33.3838512187185
1918-06-30,59.54285516460146,73.98887266587553
1918-07-31,13.309074912559185,43.8411685322938
1918-08-31,16.663084218687743,118.05805011444816
1918-09-30,49.09479033244681,64.38811477686095
1918-10-31,92.01816181566703,96.97368903286235
1918-11-30,99.86911589761128,176.7892057761868
1918-12-31,91.19026855786409,99.0192898867489
1919-01-31,63.72272508544384,116.3374688753236
1919-02-28,33.0665354605488,102.88706379584711
1919-03-31,86.82237733407817,98.99688931069434
1919-04-30,70.88194839606241,70.68946852728276
1919-05-31,131.46065012656976,158.29404216771812
1919-06-30,129.4726376182218,183.04905921162356
1919-07-31,86.03336938784736,107.68741706702154
1919-08-31,73.89554180634187,118.84759230536744
1919-09-30,95.02275290487266,73.01627207652648
1919-10-31,173.7666128827309,254.2893682314097
1919-11-30,62.95125964387705,130.4640964216311
1919-12-31,12.010269574164408,56.63290816457192
1920-01-31,75.70196678044124,178.0944125888885
1920-02-29,16.46597646915284,36.14583659718425
1920-03-31,28.023256364727292,85.7079664090729
1920-04-30,23.499514132929008,84.30761921667126
1920-05-31,149.6311857054404,101.87881633514434
1920-06-30,83.74219100648887,89.73093882997067
1920-07-31,51.19214457310131,124.75109576616507
1920-08-31,181.17139178398975,147.6742028513006
1920-09-30,84.63202250352103,48.64067383859271
1920-10-31,78.50132144240058,125.77113770958663
1920-11-30,72.09186139338848,105.8884310844976
1920-12-31,19.152902257839823,120.44546181730175
1921-01-31,35.60461068898526,87.40313031944065
1921-02-28,41.475986098467864,58.671097020542575
1921-03-31,49.76127781334156,120.5287772626734
1921-04-30,58.508054905674285,194.52152325028982
1921-05-31,43.77016989857745,66.37225320414187
1921-06-30,168.36322462486842,178.8819117886871
1921-07-31,32.02659238819216,106.10805183627325
1921-08-31,17.873780985102737,46.023985824420464
1921-09-30,71.78059055074655,83.65451714174964
1921-10-31,4.738608900594929,16.686233676647966
1921-11-30,9.26174660495719,33.63344548824482
1921-12-31,17.376794048222372,97.90834571870857
1922-01-31,34.473256501140355,147.76105253375093
1922-02-28,25.008059279124577,139.48106773819518
1922-03-31,62.54753816110993,204.87832513452892
1922-04-30,226.08636627160342,198.98022712400868
1922-05-31,121.75026562779551,133.54530362445627
1922-06-30,55.4178817898771,117.22081091104023
1922-07-31,30.84272985543273,99.47476474050141
1922-08-31,17.9887321714173,65.91084389150174
1922-09-30,21.264472049628424,27.72283342512286
1922-10-31,44.25654926766536,36.4237841544035
1922-11-30,56.11240846474612,106.91232429933348
1922-12-31,2.565815075845287,56.06660194625198
1923-01-31,42.43249154263809,107.6533075501067
1923-02-28,74.01959660580091,157.53163547874456
1923-03-31,45.89308162909076,114.453387216933
1923-04-30,117.48057393149504,183.03252017122753
1923-05-31,35.97468309143843,75.93370934968294
1923-06-30,90.732747214733,115.92317346411814
1923-07-31,22.57371901731722,36.263852551393676
1923-08-31,42.0630224268591,67.8675105168429
1923-09-30,68.70564035358154,155.83703577259675
1923-10-31,162.58938515582201,92.10961827271073
1923-11-30,60.74780697486767,110.30713939773158
1923-12-31,80.68865910722967,235.69703793168537
1924-01-31,15.294946716855277,115.80122892919618
1924-02-29,40.986118303437905,119.30443164958352
1924-03-31,70.18440341688755,112.45745016867585
1924-04-30,54.456273777379835,102.63350607475255
1924-05-31,92.70508471694433,175.41017651895945
1924-06-30,30.245913301987652,50.04152197167748
1924-07-31,27.528228717141594,7.82985516640077
1924-08-31,35.84115801551831,22.88553826779693
1924-09-30,97.00802773192413,67.9483359204246
1924-10-31,13.691859657487496,1.6971774776258601
1924-11-30,15.346408033629992,38.259493615344226
1924-12-31,15.709530600550579,76.26172252146817
1925-01-31,21.514262885624753,140.9560133200366
1925-02-28,8.038910648810202,35.80153461038027
1925-03-31,0.7073853129664772,39.64124929498988
1925-04-30,79.2779216947057,43.74711432136775
1925-05-31,88.85702188323754,52.468346829553425
1925-06-30,34.86293306432904,30.524815718530075
1925-07-31,45.54085288195783,73.12231394394493
1925-08-31,48.92489951280114,39.14606622158718
1925-09-30,100.47951555833878,75.09447564058347
1925-10-31,85.17656124577601,208.5792609374906
1925-11-30,46.526780108949865,186.47583657778733
1925-12-31,3.931565160646961,44.05832296365591
1926-01-31,63.34502678819184,126.34588166635116
1926-02-28,0.9668353344135856,21.343741730892095
1926-03-31,99.5599321916793,217.5933608501971
1926-04-30,104.83689842015129,118.42624982887622
1926-05-31,74.18020077890053,99.19338689894064
1926-06-30,87.73344752596475,114.39113031559323
1926-07-31,93.05436736029121,133.8874746849041
1926-08-31,58.854755064802475,77.71172788218325
1926-09-30,59.81078032025427,37.00546528106965
1926-10-31,92.09547560170331,88.5645812875678
1926-11-30,24.95810434309049,67.37186615462038
1926-12-31,94.18517411164696,201.28634939750057
1927-01-31,31.636244756405386,52.83105208552511
1927-02-28,54.03932465919702,91.46491591667794
1927-03-31,46.65604129155726,139.41970948285467
1927-04-30,69.07419043787428,163.30255936733556
1927-05-31,45.68421199575645,88.02057426269508
1927-06-30,114.94508819080184,164.0828014960388
1927-07-31,53.4007114265237,103.88655893528914
1927-08-31,25.184038263136614,18.83575036924244
1927-09-30,73.56730895703807,84.51941207427832
1927-10-31,86.01348929774099,110.46752109495392
1927-11-30,2.827500759783696,48.64231137459574
1927-12-31,42.61781114851776,124.36170182540175
1928-01-31,17.068234556754046,22.534369619383227
1928-02-29,63.73230397802601,98.25308250845039
1928-03-31,20.026106857922713,93.20965077767825
1928-04-30,40.76980493778176,127.03195001562993
1928-05-31,90.98506597570504,53.644968655079396
1928-06-30,98.57171731383816,154.41784482618635
1928-07-31,80.26769330445461,104.25771693588338
1928-08-31,61.84003963038037,33.130260457519874
1928-09-30,36.36968753082333,31.271135513972236
1928-10-31,38.05087837675709,95.53712005480465
1928-11-30,39.70906070906389,118.97803964122191
1928-12-31,44.37530081208274,123.84363596767652
1929-01-31,28.830300745455087,133.6085482871996
1929-02-28,36.8203520251523,87.59637182530628
1929-03-31,55.63536140678985,99.75577829457876
1929-04-30,57.55710455824547,104.78819533924452
1929-05-31,160.20399536081808,277.2958374682277
1929-06-30,20.902250017231193,54.130255046238325
1929-07-31,35.61996503634863,80.21503279817891
1929-08-31,5.347940126682826,21.621637272151528
1929-09-30,85.07661863625474,69.48836597478746
1929-10-31,57.90672759575056,65.26193416028542
1929-11-30,50.51054248023819,166.85390598363657
1929-12-31,19.789093325888505,89.36942875148867
1930-01-31,26.78018721469869,146.79249756736735
1930-02-28,21.31900877672656,112.39495713423041
1930-03-31,37.23025231419174,68.38831110515736
1930-04-30,47.111988138805245,25.509041664310672
1930-05-31,134.77147508122096,209.07974081333862
1930-06-30,45.76140434916559,26.578921664934068
1930-07-31,9.553599028781631,32.21946426827981
1930-08-31,48.30054220338055,63.20798359820204
1930-09-30,53.31026567971508,93.61553994501999
1930-10-31,192.94881098181588,159.51631010916296
1930-11-30,43.511128508341976,121.48164302126649
1930-12-31,48.89676288667797,99.7641855194565
1931-01-31,55.244175586726456,93.46895938210773
1931-02-28,71.07395874698514,128.55877530003227
1931-03-31,56.387985597104546,99.73554801621
1931-04-30,52.4979901514707,83.37756276037028
1931-05-31,49.20657829952302,56.71231675953039
1931-06-30,43.295515156082864,34.36535362306854
1931-07-31,45.3274112654415,84.63219501124617
1931-08-31,25.513030079095525,82.96580147831754
1931-09-30,8.108239670535244,11.867305426654603
1931-10-31,105.58348426660936,66.34106569343125
1931-11-30,57.5435653349086,111.86196339489311
1931-12-31,68.46048901533557,242.3144656178737
1932-01-31,96.93361360338652,273.9171109476659
1932-02-29,78.17206949680791,170.8411934820835
1932-03-31,21.255102465487987,87.98975620033696
1932-04-30,64.52215671333406,66.19601915544146
1932-05-31,113.32750768266314,72.56133678651489
1932-06-30,94.64689696223715,56.61921065304595
1932-07-31,61.675244747817075,51.13903794373774
1932-08-31,94.54389041905222,50.96971331016941
1932-09-30,137.9071861026213,80.11313668116327
1932-10-31,17.474934512497537,33.63311474373551
1932-11-30,10.088336213245267,65.13926934633055
1932-12-31,101.52340460557383,210.83669433431623
1933-01-31,32.513674720439724,103.05251585216217
1933-02-28,39.51487274942639,109.65920470010595
1933-03-31,42.987361142220664,125.79910999920612
1933-04-30,27.019377245250578,115.86738445304951
1933-05-31,135.17134197418963,128.26292248113396
1933-06-30,6.961106761949547,15.213660166437466
1933-07-31,62.6079206853654,241.1336962598806
1933-08-31,63.82049997556387,85.98058288202606
1933-09-30,46.02025058460183,55.76115743140647
1933-10-31,25.436630627936733,28.82434242720224
1933-11-30,34.133006755663864,18.84266450696955
1933-12-31,47.35133757055862,154.86164989261528
1934-01-31,46.04397640980077,169.92221041842336
1934-02-28,32.77416806347272,90.90357584091085
1934-03-31,88.93479394313009,180.21481112036452
1934-04-30,72.10003246176119,128.77434902666002
1934-05-31,49.674612540772465,69.45092245377386
1934-06-30,16.16101580929365,21.77605764307435
1934-07-31,13.438544756055602,40.799348716416795
1934-08-31,18.76187842916504,28.72087420310333
1934-09-30,45.62268560144807,88.53776795377034
1934-10-31,6.316049325683609,18.44666792436731
1934-11-30,80.95984371536343,213.64046759443409
1934-12-31,15.667667108076516,105.44446964833455
1935-01-31,25.885532975890335,86.49226296797143
1935-02-28,58.16735407054447,86.01142976156275
1935-03-31,33.95559567133479,87.45927276407835
1935-04-30,47.19874983682672,140.80084907507543
1935-05-31,189.68841295403942,258.65661134373056
1935-06-30,131.43119479235182,122.29575573282459
1935-07-31,51.47802884846229,71.4467888266452
1935-08-31,32.61162448058062,49.64260821345145
1935-09-30,146.1980664399769,104.57808046961047
1935-10-31,72.64764775424217,98.98415631397594
1935-11-30,41.980388595583136,101.65266969735077
1935-12-31,41.56066535383473,142.08181493248398
1936-01-31,14.713941876137923,37.11432163755618
1936-02-29,7.968526589200154,48.98067395348715
1936-03-31,17.67915485822883,32.8961403446037
1936-04-30,42.68867960755798,56.56320624183032
1936-05-31,154.9732838191257,166.58455528763116
1936-06-30,17.769514043160306,7.261978463145271
1936-07-31,68.18272691379804,150.69071241444175
1936-08-31,7.862671536234113,54.13931933304693
1936-09-30,270.7911912904841,63.5195332399712
1936-10-31,75.75979450821669,77.31156363495268
1936-11-30,26.04722331444174,81.75300567087662
1936-12-31,37.583263203762634,112.10106619858767
1937-01-31,29.312205868175816,194.4564584409411
1937-02-28,4.344497113945436,51.478989674948735
1937-03-31,69.50056601853493,124.98175342522741
1937-04-30,19.776094299294638,54.91777694724275
1937-05-31,62.02628908052113,27.821804840543255
1937-06-30,73.0361162781382,92.04997144676764
1937-07-31,54.213520558510886,68.02815363678732
1937-08-31,52.17429264546366,92.7653129789275
1937-09-30,36.52515166392432,74.58760472147665
1937-10-31,77.33382111745192,100.38315016777504
1937-11-30,38.317639809324035,116.16772093238531
1937-12-31,90.25675804772278,136.74573238497717
1938-01-31,70.14578280360794,127.80665040226373
1938-02-28,72.57576729956017,73.0399330530892
1938-03-31,60.89588243145414,121.2702723002462
1938-04-30,78.60218512071191,124.45142947514819
1938-05-31,81.45348487919331,65.93166392760132
1938-06-30,90.99639715362585,101.52547067418516
1938-07-31,111.51862107813413,120.71479424551315
1938-08-31,8.473096445752617,64.6549246700594
1938-09-30,17.999384005607887,38.388119766476684
1938-10-31,15.022610950575546,19.94639244273302
1938-11-30,27.838397319268186,112.03578802910705
1938-12-31,23.76198775481345,82.04368606925296
1939-01-31,78.11610793849725,174.84941046715295
1939-02-28,32.65906801651297,160.30271904200424
1939-03-31,26.472367598242755,55.281831921580185
1939-04-30,33.9112785628564,52.57105089710891
1939-05-31,103.22247565267259,113.67553699310682
1939-06-30,89.32756738549168,75.69668722005252
1939-07-31,27.67684904719968,56.5523491070757
1939-08-31,55.07674873888324,60.113434720912664
1939-09-30,5.8043421613306,18.18849124367694
1939-10-31,31.76274706865569,55.35436645058025
1939-11-30,56.32095873889592,100.45372899309596
1939-12-31,27.114800355686132,127.75957313217381
1940-01-31,15.253880279101487,46.6735961248258
1940-02-29,60.62743527135548,132.70527902713062
1940-03-31,8.685199470996139,47.23363593679102
1940-04-30,87.0938050394515,142.6623420369653
1940-05-31,84.30595051261706,111.41409954986638
1940-06-30,152.02010023709042,158.18707326794794
1940-07-31,31.17894758010195,76.85424539798183
1940-08-31,85.57079880026923,147.21444100215317
1940-09-30,30.82369288402044,42.63704907257291
1940-10-31,32.86200401209744,71.07864397574171
1940-11-30,150.05712944407145,356.2732727565909
1940-12-31,71.11810352986889,199.25781324198456
1941-01-31,30.788449957557035,81.73844531046606
1941-02-28,90.98087737593394,107.75012356804606
1941-03-31,65.71122249924203,102.94932444198267
1941-04-30,118.08999412606047,85.51352724398178
1941-05-31,153.81258860226342,145.27958063380117
1941-06-30,145.40853804361328,184.13126327200362
1941-07-31,78.2329208614245,120.2892258164139
1941-08-31,106.84953716503286,60.225875014787206
1941-09-30,58.156019032078405,145.90189135422634
1941-10-31,165.95840366876885,229.5627417196269
1941-11-30,18.84285462274586,88.17425430868043
1941-12-31,34.796902555670584,84.5049100527276
1942-01-31,6.5712267145868655,48.15530953399665
1942-02-28,14.71839592786945,45.70372201482954
1942-03-31,17.675688378061096,71.06574518025131
1942-04-30,177.37636077650902,189.6367512098768
1942-05-31,83.01928398366947,116.74646392169836
1942-06-30,80.93014015903344,140.66088116414286
1942-07-31,28.496023706631306,52.42809546828283
1942-08-31,86.38296256020934,153.97515447041934
1942-09-30,126.59372455648285,95.98189961889437
1942-10-31,126.96753421696849,40.280347563581856
1942-11-30,19.446112360564847,51.83074638386982
1942-12-31,51.15066316057466,100.30676604177191
1943-01-31,8.642225004746393,74.64726525575519
1943-02-28,4.0609859285225065,23.366115210524242
1943-03-31,52.53235372457554,75.83884217932297
1943-04-30,36.607233420035605,42.86235863319266
1943-05-31,95.80609005722694,133.56193384398964
1943-06-30,58.54032992204745,67.26216387379044
1943-07-31,34.014209735009594,101.59306742644104
1943-08-31,1.5251206475643613,37.67115668868313
1943-09-30,69.96031937061491,84.81129395719634
1943-10-31,26.829462503978085,66.83538214644761
1943-11-30,28.018754819918556,63.17210925030585
1943-12-31,63.79217167705336,116.81474292104863
1944-01-31,72.69638345241063,176.02681132682915
1944-02-29,83.0050883374034,136.37864289478216
1944-03-31,36.46657575491075,115.42609728995122
1944-04-30,50.3262146794839,150.91458695004928
1944-05-31,138.62081264021523,314.94087873317153
1944-06-30,36.02179529175513,48.81153468899723
1944-07-31,56.233333906023915,18.284438693538434
1944-08-31,80.14863941256084,140.99661061137837
1944-09-30,46.87258472602438,53.2175482210782
1944-10-31,51.03477895932345,9.73653252292568
1944-11-30,81.47758296847007,188.49279819867965
1944-12-31,71.37137166719953,210.92857821103507
1945-01-31,43.28089073006655,114.63343486918232
1945-02-28,68.6751542258607,115.38207353988541
1945-03-31,84.35065241104115,174.22084542885582
1945-04-30,91.15878904990747,129.2255440950961
1945-05-31,37.03540737733293,103.9330706517374
1945-06-30,83.68253592711164,123.17076794592398
1945-07-31,93.8560985525318,162.68468915264856
1945-08-31,54.01729760406561,82.0990159172554
1945-09-30,70.55843495983135,77.21948114623038
1945-10-31,77.25665144955987,168.8549173584694
1945-11-30,21.098988740097557,52.89125458264766
1945-12-31,27.901233632983246,96.72267303183335
1946-01-31,67.35699164896738,204.89117820234924
1946-02-28,41.49135735829543,150.8722593836865
1946-03-31,49.03007096483202,143.26592119213552
1946-04-30,52.583691675345015,91.94369231641193
1946-05-31,98.61029519374269,228.55684024078278
1946-06-30,54.64403993520575,123.70768306101292
1946-07-31,14.777196968103059,66.7549096693822
1946-08-31,65.73455956048522,121.58016233906714
1946-09-30,100.66569089261613,70.4418483472902
1946-10-31,45.87485966711023,67.72958445164475
1946-11-30,70.62067051875373,271.578254048232
1946-12-31,59.622494354741,84.87167240275855
1947-01-31,48.05296242101362,137.50858493608095
1947-02-28,11.77376704612416,53.28122180940348
1947-03-31,58.524162564161145,134.6457799046895
1947-04-30,50.718658763364395,77.99161308843891
1947-05-31,127.61959298383188,178.42839477671686
1947-06-30,48.31031609750984,78.72439600069711
1947-07-31,13.993132721962956,26.180472280131912
1947-08-31,36.54126192637635,49.04621346467591
1947-09-30,25.667535268095154,59.68572007344945
1947-10-31,42.307060111943265,33.723386757240284
1947-11-30,54.45313811919969,146.28114258684096
1947-12-31,62.15597540016162,132.78712989508884
1948-01-31,22.036239390983692,102.2436728804775
1948-02-29,54.52793167402365,115.19632625204136
1948-03-31,22.630347552592205,63.54116382373232
1948-04-30,40.68407982339646,107.26712729255317
1948-05-31,78.66317940934958,128.358686797621
1948-06-30,77.17905896028027,36.15545720688874
1948-07-31,61.96142064381143,45.733433847973224
1948-08-31,24.748499151785918,31.850941715503232
1948-09-30,21.89779933868335,27.757727229834686
1948-10-31,38.598012810784894,24.2692031433043
1948-11-30,14.170873749001414,150.81643242692328
1948-12-31,18.19542660983112,69.91349372425341
1949-01-31,94.273401231499,185.4347797500696
1949-02-28,45.179846664601676,90.3142879232532
1949-03-31,44.72122073461091,117.08141942774421
1949-04-30,92.32134103437178,122.88723817611212
1949-05-31,120.07956098442328,72.03525636685217
1949-06-30,96.00792685914088,91.71340323373359
1949-07-31,27.61688532975078,137.05673665304894
1949-08-31,54.98891802093055,81.5607980306276
1949-09-30,65.57586987287144,74.25635354449207
1949-10-31,106.34135046779792,274.45837249480263
1949-11-30,0.8043333507787259,13.74416525097059
1949-12-31,40.94786574143366,137.51841118646954
1950-01-31,35.45193785228058,155.06379235476888
1950-02-28,46.39739429057722,161.79408744857562
1950-03-31,5.961027590913417,62.96503494633057
1950-04-30,90.60158329997199,128.22950518665448
1950-05-31,119.81252973355643,202.4730994932281
1950-06-30,66.759472215716,122.7077041110439
1950-07-31,112.03421968791648,85.56446259786999
1950-08-31,55.55171677706325,46.610082496587324
1950-09-30,115.11595490615895,98.34277850406548
1950-10-31,9.408171578326357,30.692102034518253
1950-11-30,2.756360491000737,51.30228644788182
1950-12-31,0.7659191802331126,27.774070215987507
1951-01-31,8.097262859440079,97.1439459819624
1951-02-28,33.525869716963804,88.02503854590874
1951-03-31,30.915217126865414,112.47802103766689
1951-04-30,36.513373948570944,42.065523740799904
1951-05-31,95.98438303678236,64.31845009030863
1951-06-30,102.96083164610758,93.09936673327785
1951-07-31,35.40620112874742,53.83721850054571
1951-08-31,30.988274160351956,14.102287049251137
1951-09-30,51.62936146481282,145.52018094810947
1951-10-31,38.46581271581325,28.561984752357905
1951-11-30,15.00240964732488,71.0635565446325
1951-12-31,4.195254935346093,101.83390257015186
1952-01-31,12.978969696077868,71.46959241339464
1952-02-29,24.48874531820585,131.36151346704608
1952-03-31,35.35446757213003,90.62365421166169
1952-04-30,92.5061936886667,169.86455260685238
1952-05-31,102.39128063789359,151.37389800792224
1952-06-30,12.51543000568821,24.186031693153655
1952-07-31,31.247912042375376,95.41072002608915
1952-08-31,9.79468051965854,16.19018517551951
1952-09-30,55.954429762675495,17.72915957107252
1952-10-31,0.044304149722194354,1.0695054735591087
1952-11-30,94.75999955270271,161.78368528136548
1952-12-31,53.657665773071486,126.31168132199991
1953-01-31,6.193923214280255,64.93734944984703
1953-02-28,22.30161044008292,105.54518222599899
1953-03-31,50.780414504367045,152.07737923116164
1953-04-30,56.28706332568607,178.8029923851911
1953-05-31,85.94071767463467,263.5809902153652
1953-06-30,25.086578868136176,78.89029578228717
1953-07-31,69.29251269167281,92.87755509730071
1953-08-31,63.523371845885485,70.35768390719791
1953-09-30,28.383811592368104,42.00256149865318
1953-10-31,127.26677946416233,55.96684474370292
1953-11-30,25.656399287309373,71.96103361643252
1953-12-31,23.916570494124304,146.396446377178
1954-01-31,21.636964818951178,74.1988840627541
1954-02-28,6.983054470421255,29.06443172473597
1954-03-31,9.551559670106831,31.748250735497923
1954-04-30,85.41793754530289,88.32828206537936
1954-05-31,107.85223404439604,169.04764357850138
1954-06-30,20.719690194335886,17.339620722091244
1954-07-31,19.439959482318223,37.29843986667112
1954-08-31,20.515964482879934,23.232714860413555
1954-09-30,16.005639182986354,24.594877749014373
1954-10-31,45.32082967970694,166.64124118654496
1954-11-30,47.58985152093582,88.99495524324318
1954-12-31,24.301763775196807,61.860163774916764
1955-01-31,34.92198369063559,93.72319879034966
1955-02-28,41.40082603894574,125.47296564062637
1955-03-31,22.495039374485017,58.902662212253674
1955-04-30,39.460265973094366,132.57071618427145
1955-05-31,140.9186613391839,120.832086560879
1955-06-30,96.84009685476772,49.221271263196144
1955-07-31,46.737105559337635,93.34852421713217
1955-08-31,40.58774809571465,149.35887790625952
1955-09-30,95.4786131406209,51.26670131384848
1955-10-31,40.551865744352305,38.531954938610816
1955-11-30,3.433598410181943,29.734509211892888
1955-12-31,13.830414788864426,49.017393452332065
1956-01-31,30.50914298453229,87.0678659887209
1956-02-29,37.30628568119954,122.12732733188298
1956-03-31,3.141463880967003,52.22512614345482
1956-04-30,35.36243216062761,84.13039742109743
1956-05-31,85.28763348341579,110.98879724490364
1956-06-30,21.664877600049053,58.741633923006255
1956-07-31,14.77471938403012,22.016400095125384
1956-08-31,15.908322538262412,49.53366772035265
1956-09-30,6.06033492500659,11.632889109465903
1956-10-31,46.87079440566461,38.87271258332591
1956-11-30,30.683263927693535,92.95626859725594
1956-12-31,47.15680331569304,58.4805050356114
1957-01-31,19.963918943842554,89.45571873513101
1957-02-28,62.146485556134174,88.0523255446554
1957-03-31,52.42427014455692,147.79084889235713
1957-04-30,213.53548079370725,304.8478174497282
1957-05-31,222.4168662845909,96.75350914607291
1957-06-30,76.35910326217905,172.10107677363544
1957-07-31,23.75096365896945,45.24470399149237
1957-08-31,15.753075366733743,77.29972243469858
1957-09-30,78.34823590262988,122.30940978979518
1957-10-31,135.61200169040373,236.57856785902436
1957-11-30,101.34050648040339,224.19963096023778
1957-12-31,19.672065299519968,67.39602228394227
1958-01-31,45.20097826740118,114.43765020660246
1958-02-28,50.399315093910566,64.85692734198189
1958-03-31,55.55026252042292,61.199556165011096
1958-04-30,90.3719787541637,135.17088532557702
1958-05-31,90.101549393612,82.25208766511064
1958-06-30,59.40344063816381,118.98407561547161
1958-07-31,67.91593725367602,51.842494211325246
1958-08-31,52.16537190874693,112.49622599785627
1958-09-30,112.87594966823394,259.4303376760424
1958-10-31,50.19906281777719,48.46057156831354
1958-11-30,31.37905997670211,67.9259220304903
1958-12-31,19.54994834887916,30.823715621619943
1959-01-31,2.906636426594713,30.55699685394433
1959-02-28,31.321413457075483,119.39490833767503
1959-03-31,11.427813043889403,53.56728382885493
1959-04-30,56.88550604835207,154.97990335433872
1959-05-31,78.66112643069883,163.6125810531003
1959-06-30,148.99818059325784,108.09083221287442
1959-07-31,93.4573594974979,163.10991518815067
1959-08-31,47.99968998043805,78.39446695338242
1959-09-30,47.99349003894686,60.24177488934343
1959-10-31,173.54878279832198,110.28517839533896
1959-11-30,22.758271066522042,69.57177819150786
1959-12-31,70.97595845351627,150.94779948247765
1960-01-31,58.790546121541176,107.12126720945601
1960-02-29,40.01580117489718,120.44847170038773
1960-03-31,19.853626806856443,58.667234379862286
1960-04-30,45.34981516770756,72.77978764083726
1960-05-31,49.63091377238601,36.17602767770743
1960-06-30,55.237007805214304,179.2133391909905
1960-07-31,100.13413835739388,72.42024719188538
1960-08-31,49.88480038820793,126.19633778965127
1960-09-30,48.151343888994944,100.03976048890824
1960-10-31,125.42476049675203,136.5446927790665
1960-11-30,16.2780876766009,126.04510380328651
1960-12-31,91.28095046299518,221.1113379422815
1961-01-31,86.85984010941557,168.00866944683096
1961-02-28,65.5956055562093,118.14819433198251
1961-03-31,43.00555365791184,140.31612850100495
1961-04-30,11.408925069222311,36.48678686753123
1961-05-31,46.33286984142375,58.981209291025145
1961-06-30,176.08570853879334,188.48546214826652
1961-07-31,116.35885680426216,125.03826759931881
1961-08-31,18.900562422637737,65.62965856902828
1961-09-30,90.39928586941824,156.69897742448538
1961-10-31,59.51135488308713,40.040621250806545
1961-11-30,76.77462872470203,123.7515940859457
1961-12-31,28.13994076609598,153.92352178331876
1962-01-31,10.081081207277713,104.5152811641442
1962-02-28,14.501881552767642,57.113732203568325
1962-03-31,26.173399311267517,43.185527532151205
1962-04-30,72.34635949503688,125.6597339553568
1962-05-31,28.845345326556203,74.21810195573478
1962-06-30,138.68553416169507,163.39360820666528
1962-07-31,81.66623465663545,61.461550065671936
1962-08-31,23.740128042910964,38.575799016865915
1962-09-30,156.76104526790306,128.54899338066724
1962-10-31,76.26567884587936,70.79482705474085
1962-11-30,44.89838706917438,114.30067926480513
1962-12-31,33.02016838862181,97.84440756633178
1963-01-31,5.921094493561699,45.57402530133675
1963-02-28,15.228868489184613,58.99782562748297
1963-03-31,14.777629824089157,37.728549615475366
1963-04-30,67.81459502630054,91.99780563810303
1963-05-31,109.9243210244899,69.05763443781429
1963-06-30,75.53794381388006,94.71612636876742
1963-07-31,23.690784100033294,73.9374319350414
1963-08-31,39.781158567848436,39.81899461299771
1963-09-30,39.67970613336609,83.89000316317014
1963-10-31,22.805415515060428,5.974863301424011
1963-11-30,80.01883042542609,115.52653735569906
1963-12-31,23.487229067128748,84.51377482288696
1964-01-31,59.05328834378394,83.22169010103501
1964-02-29,42.62286014290669,67.8696507078611
1964-03-31,48.0594177029594,101.10571992352487
1964-04-30,51.03672086401406,129.13847426078925
1964-05-31,56.26434345170256,85.91345647001579
1964-06-30,65.28054591965892,35.07982518060837
1964-07-31,12.421763678569473,32.1753274631495
1964-08-31,79.65257381513892,77.73749934724906
1964-09-30,124.11760245833685,95.23924982038072
1964-10-31,28.086682625595447,17.234291751310206
1964-11-30,74.12355878453681,74.71920599488287
1964-12-31,18.04159282094061,75.11177344852197
1965-01-31,51.180150638832295,84.78927213181733
1965-02-28,64.91138977547497,144.8474975731878
1965-03-31,22.297615389267925,118.06476630310975
1965-04-30,54.75819529160957,32.75494498686319
1965-05-31,192.86701456041007,205.41258163814808
1965-06-30,48.926086757051095,70.35043680214328
1965-07-31,14.123576668317906,31.582983646802408
1965-08-31,51.62143179814761,64.05771436040637
1965-09-30,76.99806994843134,126.06309539340656
1965-10-31,76.22236352097937,30.32969415084307
1965-11-30,43.79617734840934,64.69022222652808
1965-12-31,46.86831693847144,160.61033752481057
1966-01-31,32.84712516882925,111.96003973264658
1966-02-28,39.628118269899915,128.04472716836312
1966-03-31,17.738103639722056,36.599566047740204
1966-04-30,156.90916233122303,238.79260604030185
1966-05-31,46.61653606534615,110.51361951986874
1966-06-30,61.685356187907644,30.937346424860657
1966-07-31,19.571500906778123,46.25550984984538
1966-08-31,142.8436635269094,144.28861145010012
1966-09-30,123.89846157773667,88.09481305848563
1966-10-31,21.418458004425727,85.0796146044062
1966-11-30,5.465443569988483,33.86486824134734
1966-12-31,9.756656690476579,84.26795334503089
1967-01-31,2.842490982929532,31.799990570905443
1967-02-28,13.097774228365347,63.47324381046808
1967-03-31,31.979523937919794,46.47483329468056
1967-04-30,56.777339018245506,128.9632234716829
1967-05-31,88.17444012994149,149.53092320705613
1967-06-30,58.09704752206227,56.42837039990231
1967-07-31,73.36733929902924,94.24000823401987
1967-08-31,16.878027632192634,46.75467610302947
1967-09-30,122.45337003159409,80.70362727917353
1967-10-31,58.529680677579016,68.50162877884276
1967-11-30,48.67665928253478,31.90002597942863
1967-12-31,39.73258784062371,147.2745093314464
1968-01-31,141.13014354577246,153.41334310811695
1968-02-29,50.40732521080112,76.07554028353616
1968-03-31,82.4658823295808,80.0341838404574
1968-04-30,66.16892297069984,203.83715790847955
1968-05-31,120.4855846673448,185.93883644715953
1968-06-30,80.17468862240831,188.71838194941074
1968-07-31,81.5981588288261,94.90099203825831
1968-08-31,50.23156718227419,43.00488970369357
1968-09-30,52.764932039144654,152.01758718893552
1968-10-31,16.54269108536275,60.65653242462115
1968-11-30,95.60222698924753,158.77101651447396
1968-12-31,25.495909627802913,128.74761658856718
1969-01-31,13.948579993526897,36.117392994016456
1969-02-28,50.908054134242924,121.69511358058897
1969-03-31,80.2563144237666,176.04742315786035
1969-04-30,92.49216463464361,156.4553294237915
1969-05-31,126.26834812188292,175.07789519879768
1969-06-30,53.99803357523893,28.13735705299509
1969-07-31,17.990334731271943,48.1446353237752
1969-08-31,81.27963320333654,29.225198009151512
1969-09-30,105.10073370947418,57.60299155197274
1969-10-31,120.98306385664017,106.2814318536074
1969-11-30,36.20563431928125,95.17134424988593
1969-12-31,66.33017128758924,125.17881881649873
1970-01-31,10.855652523559849,39.29016788173364
1970-02-28,68.40894729431207,104.16870763806351
1970-03-31,83.63354988550832,101.79439765629913
1970-04-30,53.966062781864096,88.71504709229505
1970-05-31,84.58069607732348,90.15488191004228
1970-06-30,25.041146180265574,51.24758025042355
1970-07-31,5.998939839695883,59.128475941844634
1970-08-31,30.475441376473615,48.75990251830079
1970-09-30,125.7176415904439,113.40573520102193
1970-10-31,54.45498496117206,190.01900886080952
1970-11-30,2.6882051347822955,47.425177867331755
1970-12-31,10.26065157639131,51.703441793398646
1971-01-31,1.501274464455805,11.007383562687846
1971-02-28,27.716805888686494,76.20823012147848
1971-03-31,3.73742622266808,29.418146855183753
1971-04-30,48.83463308915098,43.91308055791531
1971-05-31,87.36660072505627,107.59171164542404
1971-06-30,36.946969733324224,46.67224111775437
1971-07-31,90.25587968477949,95.38717242873055
1971-08-31,138.42576438028627,80.07445571823807
1971-09-30,101.84928023249903,89.21172367674043
1971-10-31,109.80347605603795,83.22617148658837
1971-11-30,28.382256103656356,92.80350045477917
1971-12-31,72.68410990072579,173.06825725316034
1972-01-31,20.46610946257745,146.02783298053737
1972-02-29,8.866298132839514,22.34258535367526
1972-03-31,8.152329696028954,87.26173515624218
1972-04-30,55.26373938586647,78.90379241968178
1972-05-31,87.23171639932796,63.584325929899336
1972-06-30,62.533235454358454,103.66909137897314
1972-07-31,55.69837736163849,106.40770196778831
1972-08-31,98.5352181993089,67.68815783566194
1972-09-30,85.99584735152422,113.78878111477668
1972-10-31,117.80578950364072,163.9664845791195
1972-11-30,41.07068357623214,109.55653930133238
1972-12-31,10.044867816313085,98.1897532358065
1973-01-31,82.69604863105596,135.4188922169811
1973-02-28,53.25432315577714,70.03370449798832
1973-03-31,74.21800678367406,173.14035666979424
1973-04-30,90.65658508102378,184.81931080140328
1973-05-31,48.538518513598284,79.76955269660377
1973-06-30,98.92409720514779,231.2062283773074
1973-07-31,101.67381526625631,108.64595395216135
1973-08-31,12.301045628030238,78.80000103864526
1973-09-30,118.48122522252939,202.0997466210936
1973-10-31,108.80112488277152,192.16204588455392
1973-11-30,23.98145363876748,105.84373961425607
1973-12-31,7.140399195254466,135.68990591056635
1974-01-31,22.14457912706026,216.67409762859396
1974-02-28,18.68725050130503,49.68593575427988
1974-03-31,21.520276293834787,61.9989612940322
1974-04-30,46.0018301322532,84.29178765359732
1974-05-31,61.59937925196974,109.51670468419488
1974-06-30,49.53141835336244,67.73980206386737
1974-07-31,23.43826523139261,57.65408060457491
1974-08-31,142.04393352807102,145.66804999161494
1974-09-30,173.61863248693038,202.6351402882955
1974-10-31,131.73501306901795,99.82521072021825
1974-11-30,46.42810771687331,188.09493843571335
1974-12-31,37.735337837549686,104.74468540386724
1975-01-31,24.884222156506674,81.40193332680715
1975-02-28,64.77754770658692,127.61521667762729
1975-03-31,25.163693102929347,86.30086255077678
1975-04-30,58.3035909534042,123.61650037280869
1975-05-31,141.98517355998234,186.74467222854523
1975-06-30,58.01795790522285,134.167561250446
1975-07-31,86.92728653879664,67.06365570414037
1975-08-31,55.68756722534231,68.97590738805006
1975-09-30,70.21107044291263,47.860630210695355
1975-10-31,22.778609231606307,101.95498120017156
1975-11-30,39.20107194638959,74.54253914741682
1975-12-31,32.48984518880921,60.53407249887261
1976-01-31,3.0424244392036766,53.07523668523268
1976-02-29,8.519126038410237,52.693872014613696
1976-03-31,35.695319329687365,142.77660783221543
1976-04-30,133.5739914156024,105.98952810668922
1976-05-31,78.86240468819942,159.90394935388403
1976-06-30,51.169961180833695,164.36279078014292
1976-07-31,114.1427619432871,113.85050815772001
1976-08-31,44.43336817113887,38.384734973289056
1976-09-30,101.01193189604619,114.72425548709552
1976-10-31,134.99967701375726,82.2547672582467
1976-11-30,20.17483147754797,54.658483227218504
1976-12-31,29.69599471250798,118.81049151874561
1977-01-31,40.78689073701766,83.56328468077976
1977-02-28,28.403312379331755,78.80133973985974
1977-03-31,79.30000235262388,122.52198034482211
1977-04-30,121.79946142476241,113.6963681913121
1977-05-31,65.01038546006615,40.19584219361879
1977-06-30,48.29988651773769,95.52137091613459
1977-07-31,31.906193114588092,51.37212116036423
1977-08-31,56.930953483979685,102.82177836035923
1977-09-30,14.898015243860684,68.15316936482749
1977-10-31,30.425074977071173,32.75392979845193
1977-11-30,33.84093080292102,109.9448985887604
1977-12-31,5.620886848458792,66.02201385351604
1978-01-31,23.138363903517277,148.4617198761446
1978-02-28,57.539916611198436,76.72754993914333
1978-03-31,22.39144467267375,59.476705147602345
1978-04-30,30.367637376142035,31.067516451920557
1978-05-31,90.05748366695308,66.30307924937134
1978-06-30,47.80891668174175,65.49165695144649
1978-07-31,17.66254887973357,55.07556013008135
1978-08-31,82.19136462326549,64.44006544358074
1978-09-30,86.25513303235819,107.61381366967507
1978-10-31,28.007022807770767,35.37483297630688
1978-11-30,76.60775220305786,146.84120695333596
1978-12-31,18.6136192161902,95.36258264913435
1979-01-31,55.496869903137906,199.17197773876327
1979-02-28,40.17252024377171,122.53477737050147
1979-03-31,105.9594650350351,151.2155195628637
1979-04-30,55.35042800102955,142.29556760173554
1979-05-31,125.51882910405448,172.35240774274766
1979-06-30,85.18702939766465,74.06508841783216
1979-07-31,70.83021006969845,154.01081094172733
1979-08-31,82.77357861977013,78.91977506089277
1979-09-30,20.626540667399226,170.69946477626607
1979-10-31,31.48814303293409,82.86429331598754
1979-11-30,15.634756734816238,80.63298761784506
1979-12-31,69.90806882991522,108.8177913932786
1980-01-31,34.69908792276007,101.24331960487599
1980-02-29,27.9023263065672,60.15459407390083
1980-03-31,31.467432231770843,118.16179730473304
1980-04-30,36.050836649338066,115.4459994990168
1980-05-31,143.7125251249769,147.5209511242855
1980-06-30,37.80202819796537,37.867906961451645
1980-07-31,7.175275437120414,45.65224999100107
1980-08-31,23.326848376260482,25.21627205085706
1980-09-30,186.5365738421078,83.43296366220115
1980-10-31,19.27089362138262,58.488886879596514
1980-11-30,47.74178073455045,83.1997304222966
1980-12-31,43.27685072815039,27.87687737899881
1981-01-31,15.040463379130143,47.21447416100941
1981-02-28,31.11856795202061,66.18639225575606
1981-03-31,71.5192534241342,83.62095001920679
1981-04-30,71.59683852693998,49.2829053819896
1981-05-31,80.30233244303648,175.0303613738071
1981-06-30,133.4538863765536,211.71916672914554
1981-07-31,32.044723982194064,98.94581491735683
1981-08-31,54.85581507860706,41.42130951574648
1981-09-30,51.37737776297346,98.95118117387977
1981-10-31,179.03323077788875,146.5812301949278
1981-11-30,23.720708559567814,71.44107680657517
1981-12-31,7.680700952796704,25.02756574349545
1982-01-31,30.644225165237728,66.31779133937347
1982-02-28,31.52815358065611,64.66920121835643
1982-03-31,38.68503800425784,78.76269586835225
1982-04-30,42.66527271969602,172.71746573672374
1982-05-31,197.74059169942936,115.95976279498964
1982-06-30,141.61013314105557,143.2529209427756
1982-07-31,32.29723712930611,48.345367081879296
1982-08-31,23.501521234864597,23.92784864031557
1982-09-30,19.980764600466745,37.04781290881519
1982-10-31,31.607256500122038,128.5055344899943
1982-11-30,68.1625747702404,171.5735023431598
1982-12-31,48.930063461183515,208.2342232722371
1983-01-31,47.081953346396055,42.48183001389273
1983-02-28,34.69467106203519,151.02055607573328
1983-03-31,64.70607349985765,122.48733887870891
1983-04-30,18.27516370703602,18.87121173050546
1983-05-31,116.12753944721167,214.3381427907205
1983-06-30,55.13708743055864,122.13235866513769
1983-07-31,20.69355487990288,47.159217277332196
1983-08-31,32.2636144276044,118.0557149471644
1983-09-30,14.883023210936557,73.41751914723193
1983-10-31,98.69091657768504,37.92165179152705
1983-11-30,42.13946771494197,107.40994982346116
1983-12-31,14.829766048168844,131.4047683381113
1984-01-31,21.71981075562051,63.534606411906566
1984-02-29,26.41643674799224,134.31300432917712
1984-03-31,48.892261112992806,105.19941962208836
1984-04-30,12.946881217910294,33.68656216521676
1984-05-31,35.05542146760859,94.3339707513053
1984-06-30,55.92329730171908,71.75344434927815
1984-07-31,34.75563082506082,46.73958339494371
1984-08-31,45.44547424201924,40.04996008001295
1984-09-30,38.735450000276366,65.63398666078524
1984-10-31,156.2371227379496,290.4404931833299
1984-11-30,61.455499370699705,107.14224581814126
1984-12-31,99.76869887185535,79.37218358955313
1985-01-31,18.64702454287912,82.95087508289201
1985-02-28,49.02617007684806,114.68696174638008
1985-03-31,72.85877403144455,103.35360057960598
1985-04-30,69.77802181009494,69.41200281567686
1985-05-31,75.8753687311267,71.58607088567723
1985-06-30,99.10021290067688,34.94506193133793
1985-07-31,46.58891740288388,102.80075636762778
1985-08-31,15.420689163655315,27.26461465188095
1985-09-30,77.91994028939526,102.31622789472519
1985-10-31,118.46082352352855,254.45414203007576
1985-11-30,41.8263235088439,175.41563166979884
1985-12-31,17.014736929770276,85.02827475381986
1986-01-31,2.6324037858229743,16.026351144971393
1986-02-28,50.5201318602435,74.99429545532759
1986-03-31,17.213416531760355,22.956776391999792
1986-04-30,49.16400788309867,120.31173820084214
1986-05-31,123.41722779901832,188.32271221609022
1986-06-30,130.93608565403275,171.95757536770316
1986-07-31,45.72942110468691,14.83619089912622
1986-08-31,62.7124333830418,79.29759105236239
1986-09-30,119.06051939275858,105.75949661878526
1986-10-31,149.81637737763126,138.39065519838925
1986-11-30,59.69054070859967,191.16282530476605
1986-12-31,68.47437444331933,136.46554866152044
1987-01-31,26.800633425928314,48.16729633818481
1987-02-28,83.65225033811855,155.8996983796329
1987-03-31,31.782310230004143,62.364173810864784
1987-04-30,16.172028140548512,13.697743432105337
1987-05-31,166.52570686150474,111.75187227838785
1987-06-30,115.56315996140168,144.20277543429125
1987-07-31,34.67730584001023,80.58715813971726
1987-08-31,41.253649052041396,41.53469199405106
1987-09-30,62.934189105291495,86.56635564720078
1987-10-31,7.802076666846987,37.46320011164461
1987-11-30,43.885445969373976,188.06099469059674
1987-12-31,66.56594695811742,178.358803086081
1988-01-31,6.537316419464909,42.32732082258985
1988-02-29,17.08911611649553,57.36511338626487
1988-03-31,32.4786231247991,119.4348324882589
1988-04-30,38.78579445711424,54.4354667572888
1988-05-31,48.80795774667598,21.882406196152324
1988-06-30,101.80891459098625,49.48668544810438
1988-07-31,64.85265296672165,85.40347151344355
1988-08-31,19.82204167215658,75.59554267229993
1988-09-30,98.62014415389334,47.788313818857375
1988-10-31,21.45222365707817,78.15296455455746
1988-11-30,15.161527812583387,72.33799560111994
1988-12-31,35.56540541666682,123.05825335361115
1989-01-31,46.022639195252374,180.64073194953608
1989-02-28,72.22947362464019,73.17376622344302
1989-03-31,51.9971998762589,163.7042892804603
1989-04-30,26.54051094039883,41.443458767325524
1989-05-31,133.4905903150064,202.03020754174142
1989-06-30,145.2782386177059,282.60246918932654
1989-07-31,22.183988450366993,97.04156374609668
1989-08-31,63.99597543196576,42.33696122661789
1989-09-30,73.69917141195847,61.64964711418205
1989-10-31,22.498674603498063,63.89438610335404
1989-11-30,6.915855088878644,40.7423767580466
1989-12-31,8.259796992344551,58.50239875587563
1990-01-31,46.64243946279475,208.13895749380035
1990-02-28,73.92281314799888,107.10057991559393
1990-03-31,90.91043631318968,142.01496141449147
1990-04-30,145.07582920634363,89.2553075821416
1990-05-31,93.55510750332861,196.0987297030899
1990-06-30,42.191549250992516,114.00721735491571
1990-07-31,78.97752920982308,62.98142005900256
1990-08-31,60.321571429319086,41.147208487061654
1990-09-30,92.0422007120973,90.56951982382562
1990-10-31,49.73846572186701,109.51195726166989
1990-11-30,69.10842955917073,127.60062524871377
1990-12-31,21.312799851074057,104.00676679129846
1991-01-31,82.30046207965245,231.85748571796046
1991-02-28,18.603828615439767,127.9523498568383
1991-03-31,17.231792845013892,65.38089820259546
1991-04-30,37.93831484281472,226.49678489505297
1991-05-31,90.57746498386196,165.3756490866671
1991-06-30,138.50269028294022,124.05308726721759
1991-07-31,60.900579153642,67.0449336392106
1991-08-31,99.55746932177233,179.4237385045978
1991-09-30,114.56921851347506,87.49335897295214
1991-10-31,107.32410974510287,72.46965398930455
1991-11-30,21.874903390045276,107.33774382060001
1991-12-31,182.1628777406081,192.2745855246325
1992-01-31,68.26573527738599,144.06603801509334
1992-02-29,119.52895712158052,196.43812680430437
1992-03-31,47.73243739869288,125.16742233480356
1992-04-30,39.592255678767714,69.21924631791327
1992-05-31,129.7684675785714,99.93671750413522
1992-06-30,137.4567659134607,66.58745226898282
1992-07-31,50.210209262463415,62.21051814201483
1992-08-31,39.64663416356387,52.113078681447725
1992-09-30,53.21322677432885,71.2183131788004
1992-10-31,12.78827446265077,72.1390043337367
1992-11-30,86.18472539573324,147.30772473002682
1992-12-31,55.185976821025825,167.92367701791386
1993-01-31,45.77667634814806,132.00682916086606
1993-02-28,65.42359707345645,67.35689238301491
1993-03-31,56.96916349133094,151.422327614895
1993-04-30,58.163145316594125,118.46659883519035
1993-05-31,64.21521814365647,127.95239564083693
1993-06-30,87.42357569719064,210.20802741680743
1993-07-31,11.229516789034284,7.6545721645580524
1993-08-31,34.02332486996066,32.938596642495284
1993-09-30,67.94681613927875,52.60497465855441
1993-10-31,105.18894286932117,146.6691294147822
1993-11-30,22.415627478501335,92.65571397902335
1993-12-31,30.844090022031605,85.68208163433039
1994-01-31,26.346439662829358,83.93258618741878
1994-02-28,39.86315559625987,151.32220849737737
1994-03-31,23.20831454365674,74.94874104003979
1994-04-30,50.487722893321056,77.30800016703353
1994-05-31,159.5682668119378,163.22173657544207
1994-06-30,19.60065835264836,69.36115508651595
1994-07-31,40.627802235273485,61.75459542717894
1994-08-31,28.255326176310206,142.41326619987507
1994-09-30,75.14123337684367,77.22138637771863
1994-10-31,111.63423274400232,337.25586714899146
1994-11-30,75.31995639494492,53.1252277864462
1994-12-31,58.845961283323525,203.6027581331488
1995-01-31,26.502964039276,164.23913827726392
1995-02-28,19.57348096687731,56.87950326646535
1995-03-31,57.34777418059528,126.91232729341642
1995-04-30,67.88811228808198,154.93206117273954
1995-05-31,146.31771030910684,109.37893252892879
1995-06-30,75.53644860428517,76.65233975863445
1995-07-31,62.50044376776211,88.99579711315758
1995-08-31,119.27470227607662,62.71651375650587
1995-09-30,105.61801238921534,73.57990915863229
1995-10-31,17.574237868219083,39.93895973610091
1995-11-30,30.861098450684768,47.706456419710875
1995-12-31,20.34820783327073,132.94790628066727
1996-01-31,11.844849992632113,41.7802365136203
1996-02-29,3.1953363006805953,10.977248939458917
1996-03-31,29.847058321085314,30.40096546944443
1996-04-30,47.319340383418584,93.8105111719979
1996-05-31,52.225068229589546,30.359846464163706
1996-06-30,66.10127059153457,92.825122400065
1996-07-31,54.14183148188782,90.43753865229948
1996-08-31,157.90749709207552,192.5721096747287
1996-09-30,109.56588859698302,151.22938980498887
1996-10-31,48.042606611968424,57.19516879365455
1996-11-30,85.93221007971475,103.95000410851443
1996-12-31,15.037995326239981,97.16523551270578
1997-01-31,19.437590929440088,98.8137749555485
1997-02-28,140.67594589950158,217.5496402023612
1997-03-31,44.220057237845474,125.07551326644015
1997-04-30,125.55830980096233,169.3182019306903
1997-05-31,86.43774642485019,97.56349887534171
1997-06-30,141.71341185816192,112.36917283754624
1997-07-31,30.390926698038115,61.55479847749576
1997-08-31,57.28235848649045,113.41682343714906
1997-09-30,25.45306961226318,73.65900594076295
1997-10-31,73.79160603776637,126.94076428125298
1997-11-30,36.143071894039984,109.1786453119986
1997-12-31,96.02297524696547,139.65850761483551
1998-01-31,45.18588425038716,190.66652838894584
1998-02-28,63.46394648054841,140.37889469431744
1998-03-31,86.66828436879635,76.2304192540629
1998-04-30,16.173193097749504,42.98386331921802
1998-05-31,27.307945776470618,1.7631514794508298
1998-06-30,35.02259156797551,39.200542731546136
1998-07-31,26.78364367589206,20.1044892460162
1998-08-31,40.47878754791381,102.61353355252794
1998-09-30,38.73259267096554,188.87477764804933
1998-10-31,99.49526229598035,177.69168679682278
1998-11-30,62.779601314094855,196.21186160958186
1998-12-31,41.54580294598316,146.92154571458332
1999-01-31,40.22010686688476,232.06297000865155
1999-02-28,0.9583202742150592,16.279423260637508
1999-03-31,81.51039483903274,112.96362719144834
1999-04-30,57.220271861184614,91.66355293379695
1999-05-31,100.23831727094915,133.21647304300546
1999-06-30,99.23413452836128,139.04646099520465
1999-07-31,27.861720617019678,62.687297863301005
1999-08-31,11.217979111398842,1.391703077731782
1999-09-30,25.34475870937255,77.64511540696984
1999-10-31,41.40915698741962,66.45508707153172
1999-11-30,3.322473409383554,16.765370614862277
1999-12-31,25.199535382431716,91.18836146860143
2000-01-31,27.086431980149012,46.742036311544766
2000-02-29,24.96212565203921,44.19851015252908
2000-03-31,65.25682913392096,128.76834560634884
2000-04-30,49.026603796530246,121.77204945175366
2000-05-31,62.30438779267309,208.80555491533403
2000-06-30,149.67697905383673,128.5821852655297
2000-07-31,8.446056337267942,13.351111519015323
2000-08-31,1.1901891601946444,9.15317429186582
2000-09-30,15.49213113940876,65.83257914496936
2000-10-31,106.91389909769705,47.92223403370348
2000-11-30,122.33303225358932,357.9749697537385
2000-12-31,37.54113214619004,141.28341948991752
2001-01-31,60.74429731327521,138.24465342781127
2001-02-28,76.20613033863809,125.53783770063869
2001-03-31,88.9064371791873,223.6508846175639
2001-04-30,21.058509632109683,21.482721833723094
2001-05-31,77.53476791474145,87.36284858778359
2001-06-30,30.486137101506863,292.5461401095905
2001-07-31,12.771161607002254,30.793631439140352
2001-08-31,70.64649786842757,92.76536430457536
2001-09-30,67.92589315171826,162.25530669075204
2001-10-31,37.43892209824869,110.92369670104776
2001-11-30,96.18483930063346,116.28653270310694
2001-12-31,46.56287124786312,178.42774585816184
2002-01-31,29.85111026308851,56.38294414681529
2002-02-28,32.95465148649121,67.54913596626199
2002-03-31,87.1215504603593,108.62130476791366
2002-04-30,60.51897131985639,76.3534341933362
2002-05-31,87.5829807808871,85.67941512624813
2002-06-30,71.55022120206247,111.1385304161228
2002-07-31,157.30589569596964,126.70440921905957
2002-08-31,35.74435373688991,96.81236358168417
2002-09-30,55.18002985573673,76.35597928543368
2002-10-31,156.82662028950236,207.5317917452823
2002-11-30,27.129476216391563,149.16874489248684
2002-12-31,86.44025559349922,231.22141174431226
2003-01-31,12.20534070180509,23.55492870579385
2003-02-28,56.30227852213078,182.16277289656622
2003-03-31,26.016108164884095,67.9398334909323
2003-04-30,37.136004254062925,46.955875561224
2003-05-31,60.55134525118029,57.445426655431774
2003-06-30,171.50659806456363,173.3920388660768
2003-07-31,21.122770261696242,135.0212220066272
2003-08-31,63.35941988240462,85.59116786529714
2003-09-30,77.14512417645044,126.42723147009815
2003-10-31,54.716539196048004,70.52023773417345
2003-11-30,35.68322337335766,122.50113708126283
2003-12-31,7.886659995014028,72.58465387933276
2004-01-31,51.70034750845546,119.93244883337084
2004-02-29,91.75665107292643,178.13385187169266
2004-03-31,56.93875047332657,103.69046532084779
2004-04-30,106.50083278249696,115.27500029605773
2004-05-31,49.01959000047328,141.4320786859759
2004-06-30,191.275275023755,226.0435963379507
2004-07-31,84.31869792614364,75.2527598928004
2004-08-31,97.19416008750343,108.31078133869482
2004-09-30,32.82010166646548,58.5688467367353
2004-10-31,109.83913650843402,145.83665037742927
2004-11-30,196.5907936998625,291.79858021807945
2004-12-31,19.436156617071745,78.4627130271966
2005-01-31,45.46984378283089,98.02815228713202
2005-02-28,60.23986036800884,141.13425770310425
2005-03-31,52.448895768364885,76.69330457246252
2005-04-30,8.621019864249396,64.27448919625522
2005-05-31,85.50693703584399,71.3155082393393
2005-06-30,44.9204242790467,33.2750051986915
2005-07-31,69.68637057817736,104.93525662917085
2005-08-31,144.25120934433207,96.47385177897044
2005-09-30,19.485227689918986,130.4375664517811
2005-10-31,42.728645019202325,2.7169622639486524
2005-11-30,9.376603203487756,60.5338275018963
2005-12-31,3.8346252751905556,34.58139419404952
2006-01-31,30.062201393476506,115.7574417363458
2006-02-28,33.76682793053182,128.03284341620065
2006-03-31,72.59843668491864,102.02545336594011
2006-04-30,56.04070155660852,74.95030305135244
2006-05-31,81.94741800439206,64.0007440481929
2006-06-30,49.792265613422586,73.4523172804394
2006-07-31,19.63455353169289,109.78681661223236
2006-08-31,39.828099495729404,43.46963604743204
2006-09-30,75.14931829909526,62.229996384524036
2006-10-31,95.79942598049595,261.90136283187456
2006-11-30,21.80952961314841,62.579605488037004
2006-12-31,51.40301562393145,151.04983070533865
2007-01-31,72.8160468343119,201.0014789272525
2007-02-28,12.115355033534291,45.519191698399744
2007-03-31,160.90212460345978,81.92344697486983
2007-04-30,57.83542719124236,83.09912593944969
2007-05-31,182.83333771612536,183.1517058806434
2007-06-30,207.39410127076974,161.5683199568904
2007-07-31,97.38057356874909,240.94930624189107
2007-08-31,85.97828425210535,73.55910594211298
2007-09-30,73.85190809551062,54.95660504304106
2007-10-31,26.114751651177624,66.29281024952034
2007-11-30,35.538813086421285,83.69585438199789
2007-12-31,26.75300103062653,98.33636222327672
2008-01-31,9.26631271678538,62.27285139884056
2008-02-29,20.967517579934846,117.96006539892267
2008-03-31,89.95311356882041,129.22181935555113
2008-04-30,79.57406986093046,75.59794145479539
2008-05-31,77.8875030062266,103.50719300765621
2008-06-30,54.440741520480245,109.1520223542003
2008-07-31,27.972858445112944,34.99309932188426
2008-08-31,98.64152737094722,204.45941351829808
2008-09-30,55.662178742153614,119.96690173867395
2008-10-31,69.55866666665644,60.14726491269789
2008-11-30,14.954573441149611,109.16671496223744
2008-12-31,4.939218026656834,70.31290361915066
2009-01-31,10.67285379582349,42.03742289303203
2009-02-28,16.95138045624369,42.0077066341784
2009-03-31,64.96476952019482,168.7997279157912
2009-04-30,79.5138337013969,150.6485229648491
2009-05-31,66.48230950434485,75.10550772411263
2009-06-30,64.17934200079293,45.10720765396023
2009-07-31,101.66122836973754,124.13574055152182
2009-08-31,35.26410998787081,90.87466497893227
2009-09-30,128.44022417101633,111.19539403743049
2009-10-31,146.28705455645448,349.6655000135538
2009-11-30,20.617555434608125,46.59321711021385
2009-12-31,43.301546949543344,117.74542772648236
2010-01-31,75.57991415084041,63.54087333185005
2010-02-28,65.31863888694654,101.61997118901206
2010-03-31,70.83058950529953,88.53797051111651
2010-04-30,89.55961853293584,29.866503132074172
2010-05-31,61.92050977223301,34.15645687705851
2010-06-30,77.36651598919781,133.5827405912497
2010-07-31,131.74388439268657,128.17925469527069
2010-08-31,24.235619070555867,42.64526822301644
2010-09-30,152.38529181345368,79.6714865834544
2010-10-31,24.14362539568532,38.27729031801061
2010-11-30,11.052138296327854,87.42573770771966
2010-12-31,25.085214011349077,25.210007636013668
2011-01-31,31.49391559468649,135.5988923492928
2011-02-28,24.543975698700397,39.95911943218882
2011-03-31,3.3374040331418775,17.92546268483246
2011-04-30,28.316561738688065,61.62081357326498
2011-05-31,57.238691889672594,90.95146270283072
2011-06-30,16.901811893531296,58.53491497355381
2011-07-31,2.699965847033273,38.276048050521396
2011-08-31,27.209909428571418,18.40309531847909
2011-09-30,24.33519295518832,43.39267358008353
2011-10-31,102.73887929256094,59.4041775623776
2011-11-30,26.22384195897326,107.58601774990578
2011-12-31,72.30643688149542,170.38973085499296
2012-01-31,83.01483628539368,120.19922081519174
2012-02-29,55.27681021241354,135.09104213240212
2012-03-31,81.8266897604277,206.6373002010287
2012-04-30,21.4024149844462,81.72675512298312
2012-05-31,67.91888423683314,70.821201799062
2012-06-30,70.59136567905779,117.46450304271822
2012-07-31,39.40184988231905,132.32836705527703
2012-08-31,53.44230388445223,56.39975199293488
2012-09-30,100.65104733463221,211.10782844293158
2012-10-31,15.077914204223896,28.727645332229237
2012-11-30,1.634364417394661,24.755192604655736
2012-12-31,13.806601975362106,101.6298321066003
2013-01-31,63.90219708455549,132.33306314019703
2013-02-28,29.10462976024418,79.15915220903227
2013-03-31,21.51789858530252,48.78997626011911
2013-04-30,48.142438310827906,80.44855921375317
2013-05-31,65.11032617963671,89.05379208820547
2013-06-30,64.55606010612199,91.72186125515496
2013-07-31,109.12780927973243,92.335547501107
2013-08-31,42.58842132574608,27.322563679847523
2013-09-30,86.92695511466275,168.9116135829769
2013-10-31,78.91788874617235,202.26727479365323
2013-11-30,34.20950710055658,131.1357278077177
2013-12-31,46.92860954319097,79.28243121620025
2014-01-31,2.861362958171352,30.119915269521737
2014-02-28,15.08524208941033,64.8166398439542
2014-03-31,17.7751361024099,80.74316733336227
2014-04-30,29.217345143742968,65.68495248979575
2014-05-31,110.91989623228753,188.7222075636447
2014-06-30,98.06758896526557,136.07271899638778
2014-07-31,57.24163386177254,126.01793826501645
2014-08-31,45.81013463857094,68.8223154101298
2014-09-30,75.32213041372792,80.7215493092905
2014-10-31,51.382646385900436,133.6402703852545
2014-11-30,82.02560259960214,118.43046527088177
2014-12-31,23.195443482454365,72.99963197665438
2015-01-31,66.31325882272841,188.5856101390613
2015-02-28,38.9567736341745,57.591182165738616
2015-03-31,63.29833983568386,220.97751793197608
2015-04-30,108.11387977704698,214.3008409956945
2015-05-31,297.35751048516363,318.42809474090996
2015-06-30,90.14376341038006,132.56112640027584
2015-07-31,66.43908586086476,20.005083741892282
2015-08-31,28.01893556919117,45.753920228238115
2015-09-30,17.045424840637665,36.822444738000534
2015-10-31,186.26741468867993,170.63275403408156
2015-11-30,131.18562777609185,238.75201100601114
2015-12-31,67.04683755989302,175.49136972432956
2016-01-31,7.72393942922173,62.665203473189
2016-02-29,32.46122312262416,56.78764139361226
2016-03-31,73.11598822146337,204.8679659510922
2016-04-30,156.26141516048057,239.70066219774398
2016-05-31,173.66401790386013,167.06739172464557
2016-06-30,89.12076327943461,130.65383235295062
2016-07-31,34.219496256567695,42.274437037545646
2016-08-31,133.61841461361053,213.3808846943572
2016-09-30,103.18515684476174,41.08846524324868
2016-10-31,32.736853742260365,22.806948456711964
2016-11-30,89.80098609607973,75.4258099932363
2016-12-31,31.50749558533366,114.10059388009547
2017-01-31,58.727817657298125,143.93499719713793
2017-02-28,57.46294149634477,66.64590671599869
2017-03-31,37.21243104116901,78.93091292506926
2017-04-30,68.6300164586571,116.63948535755281
2017-05-31,64.36744960930278,204.90632910504343
2017-06-30,116.21854969402533,131.9721364434377
2017-07-31,62.718397391927155,111.38619217641833
2017-08-31,117.65491180032632,328.63972686333733
2017-09-30,76.09420968990467,25.436928873662783
2017-10-31,25.90270059379411,42.1377527592733
2017-11-30,24.57470517037975,55.73212693389717
2017-12-31,34.50598784545574,119.99821576611323
2018-01-31,4.950179328102345,67.67118770220037
2018-02-28,69.43895482613289,214.2426685335768
2018-03-31,58.005035049721016,166.43676442522232
2018-04-30,17.98654991396985,93.4782039589149
2018-05-31,79.85584137932867,43.28258157503338
2018-06-30,49.465635301403324,59.07037058537699
2018-07-31,44.80785674423474,113.7667129186363
2018-08-31,66.42536524395574,60.89691226532103
2018-09-30,179.10548829459464,198.27700069392904
2018-10-31,256.9733641011988,254.31180228697158
2018-11-30,42.67500421293658,169.73651520354724
2018-12-31,90.32456372837721,272.3738733507275
2019-01-31,31.349186162764283,131.3099149610551
2019-02-28,13.034489566223717,82.31600450849953
2019-03-31,35.601847284387325,52.87672077123426
2019-04-30,131.22329227328618,170.88369499784108
2019-05-31,182.69548802560465,257.4795806502963
2019-06-30,119.40507266985072,199.80680344541614
2019-07-31,33.01866501547394,49.62130952209469
2019-08-31,33.916323932307435,67.42490158771726
2019-09-30,40.49344122837948,78.11833197425128
2019-10-31,47.87625101942338,158.3550616387999
2019-11-30,60.265750608762254,23.906715743367748
2019-12-31,20.741495422825533,47.48283737381428
2020-01-31,54.093297173027494,128.10691561562842
2020-02-29,72.18476155531994,146.9869776612265
2020-03-31,135.85368640226775,144.96142871548406
2020-04-30,41.75988402717353,170.72860345738403
2020-05-31,95.93478559164807,100.77215107216007
2020-06-30,63.00559113591146,77.81455802902981
2020-07-31,37.22573274178552,112.56761658242098
2020-08-31,17.15376468418074,85.8089169714475
2020-09-30,169.6661267182549,147.66333447821555
2020-10-31,30.772109392188597,46.979903387303615
2020-11-30,23.363321253391433,48.98859254117849
2020-12-31,28.147209440731707,152.0043484899275
2021-01-31,54.37984645502338,119.75674467669825
2021-02-28,17.38334314895566,65.09275450206036
2021-03-31,39.60175323262921,82.94240965108116
2021-04-30,92.57506053140779,171.4447993446294
2021-05-31,174.04789124614496,349.70244552875255
2021-06-30,129.67235508745568,132.53793349484386
2021-07-31,83.22101997438466,150.84570792687788
2021-08-31,68.85992525212102,86.1710273928225
2021-09-30,19.33504894591839,21.790205796203214
2021-10-31,73.78998998960606,68.36646311538456
2021-11-30,22.082250715677297,75.03819308216292
2021-12-31,7.00817178105715,60.70790148662295
2022-01-31,6.447752528342126,57.24355738579312
2022-02-28,36.45788546333403,83.30015192794593
2022-03-31,22.844464956510777,139.02439201856905
2022-04-30,36.25247201362444,93.04808092499051
2022-05-31,66.34741884321657,110.68832491443227
2022-06-30,47.30184047183073,19.7373391655498
2022-07-31,15.71191172061249,58.11905111883245
2022-08-31,80.4538239849941,163.1823270371496
2022-09-30,42.69507710332402,38.694071823677724
2022-10-31,77.87258280148191,75.6135843432335
2022-11-30,68.65698410427645,137.63313618903612
2022-12-31,30.119339635390663,163.46633131202879
2023-01-31,23.508624029216723,147.3547751521363
2023-02-28,47.90692806191383,80.16945896933595
2023-03-31,39.09502256428452,100.17987011087622
2023-04-30,53.73947351826512,204.86329189346722
2023-05-31,133.77236225136994,123.4952418558703
2023-06-30,61.855521669877625,67.86323690109086
2023-07-31,39.64236994813977,19.36701464708607
