,Soil Moisture at 0-40_BRAZOS,percent_full_BRAZOS,Soil Moisture at 40-80_BRAZOS,Soil Moisture at 0-80_BRAZOS,Soil Moisture at 0-40_NECHES,percent_full_NECHES,Soil Moisture at 40-80_NECHES,Soil Moisture at 0-80_NECHES
1979-03,0.3165437779272698,81.5,0.3306954151981643,0.323619596562717,0.3113835603877582,99.6,0.3333912555049835,0.3223874079463708
1979-04,0.3181825810078949,91.2,0.3380619146529035,0.3281222478303991,0.3099961956184136,99.6,0.3335925120663476,0.3217943538423806
1979-05,0.3202452552177802,95.9,0.3394729602651681,0.3298591077414741,0.2940798235551118,99.3,0.3193746981171227,0.3067272608361173
1979-06,0.3131187812624753,97.4,0.3388452677353246,0.3259820244988999,0.2817225137732029,99.4,0.3175686850934548,0.2996455994333288
1979-07,0.2839307348736904,97.6,0.3279182325820181,0.3059244837278542,0.2365446162916639,99.6,0.2827830301255553,0.2596638232086096
1979-08,0.272951303984867,97.3,0.3207145675256367,0.2968329357552519,0.24459002402315,93.4,0.2765762534768652,0.2605831387500076
1979-09,0.2603589279059133,96.2,0.3156422304398148,0.288000579172864,0.2423410873670607,83.3,0.2692581157075999,0.2557996015373304
1979-10,0.258153529561958,93.5,0.3120408038601751,0.2850971667110665,0.2565523372905569,81.9,0.2741470192282169,0.2653496782593869
1979-11,0.2675269617775114,91.3,0.3096441548535835,0.2885855583155475,0.2801761426852403,81.3,0.2791606275747338,0.279668385129987
1979-12,0.2799040413345981,89.3,0.3085219765710316,0.2942130089528148,0.2951238343548917,85.5,0.3037944315843113,0.2994591329696015
1980-01,0.2985136458936103,88.8,0.3156868342396005,0.3071002400666053,0.3005715272378419,88.6,0.3166069561187676,0.3085892416783047
1980-02,0.3024397901142868,86.1,0.3202593996745413,0.311349594894414,0.3027722434472245,94.6,0.3266845474229038,0.3147283954350641
1980-03,0.2917957945524644,86.8,0.3189048852993147,0.3053503399258895,0.2880094329010071,98.6,0.3088602418373827,0.2984348373691949
1980-04,0.2918382621527427,85.8,0.3176960913413832,0.304767176747063,0.2960426862335535,100.0,0.3181677825574256,0.3071052343954896
1980-05,0.309551989405352,85.8,0.3228699748498305,0.3162109821275913,0.2941133333702253,99.5,0.3168928342316736,0.3055030838009495
1980-06,0.2851058399301217,93.4,0.3228617714408189,0.3039838056854703,0.2399976606993853,99.3,0.2904949361929412,0.2652462984461632
1980-07,0.2512633564518265,92.1,0.3145658419035828,0.2829145991777047,0.1849064065700542,97.0,0.2574158460555999,0.221161126312827
1980-08,0.2319362771610697,85.8,0.308783823547107,0.2703600503540884,0.1593319087406331,89.5,0.2355445901393889,0.197438249440011
1980-09,0.2504935560300069,80.9,0.3070417718582792,0.2787676639441431,0.1457252552061415,82.4,0.2202840626871189,0.1830046589466301
1980-10,0.3056736164260679,83.1,0.3333140106731697,0.3194938135496188,0.153809243215009,78.0,0.2110676285504552,0.1824384358827321
1980-11,0.3066749128037243,88.4,0.3306016592185986,0.3186382860111614,0.1829501449672389,73.6,0.2069731022756533,0.1949616236214461
1980-12,0.324846015897656,88.1,0.339328735235427,0.3320873755665415,0.2172390868011383,70.3,0.2083267726705253,0.2127829297358318
1981-01,0.3135837219851514,88.1,0.3379979292332825,0.3257908256092169,0.2237872342856428,67.4,0.2091612740851788,0.2164742541854108
1981-02,0.3098080696986257,86.9,0.3336807765965203,0.321744423147573,0.2445613936981017,65.7,0.2176226238607255,0.2310920087794136
1981-03,0.326301581062011,86.8,0.338443784347558,0.3323726827047845,0.251041525155662,68.1,0.2269540277205467,0.2389977764381043
1981-04,0.3199688743550793,88.7,0.3386360415287129,0.3293024579418961,0.2329260809389773,69.1,0.2221628662374793,0.2275444735882283
1981-05,0.3157860654647599,90.8,0.339430602921557,0.3276083341931585,0.2510440315973316,68.1,0.2201698484182041,0.2356069400077678
1981-06,0.3286671273868101,91.6,0.3482904077484874,0.3384787675676488,0.2797074324316073,69.5,0.2606638399570806,0.2701856361943439
1981-07,0.2908434393096898,96.2,0.3392318157277662,0.315037627518728,0.2421405555282646,75.9,0.257227835257383,0.2496841953928238
1981-08,0.2739400018769398,94.2,0.327754614430807,0.3008473081538734,0.1860485925210022,75.3,0.2379276035476756,0.2119880980343389
1981-09,0.2783609995092052,92.6,0.3236643781224391,0.3010126888158221,0.204376996535808,71.2,0.227681213550044,0.216029105042926
1981-10,0.3223042896732305,90.9,0.3370985251456527,0.3297014074094416,0.2370135591990949,72.7,0.2282286391465759,0.2326210991728353
1981-11,0.3254054445216667,98.1,0.3483859937301939,0.3368957191259303,0.2582339438295491,72.8,0.2393947284868157,0.2488143361581824
1981-12,0.3188821941503733,97.3,0.3417146438294157,0.3302984189898945,0.2469487794455501,73.4,0.2388754123107775,0.2429120958781638
1982-01,0.310657313255316,97.0,0.3352700084935465,0.3229636608744312,0.2496016471809234,71.7,0.237079604523119,0.2433406258520212
1982-02,0.3163269235978188,96.6,0.333879795510725,0.3251033595542719,0.2661295059157396,71.9,0.2454419039383963,0.2557857049270679
1982-03,0.3153798954475352,97.7,0.3337659158241038,0.3245729056358194,0.2577729451217472,75.0,0.2460791653344282,0.2519260552280877
1982-04,0.3088473142621885,95.6,0.3311978062354364,0.3200225602488125,0.2747610106674918,78.2,0.2557981235513765,0.2652795671094341
1982-05,0.3381406494042608,95.0,0.341663622993031,0.3399021361986459,0.28356799656851,95.6,0.2857010119370262,0.284634504252768
1982-06,0.3318112469650925,97.7,0.3521787160871863,0.3419949815261394,0.2439738968823799,99.5,0.2665109632730845,0.2552424300777322
1982-07,0.3070952804021309,98.1,0.3493327912618327,0.3282140358319818,0.2242098472452155,98.8,0.2545226380129261,0.2393662426290708
1982-08,0.2778396638295972,97.1,0.3351000393430465,0.3064698515863218,0.1778587109015376,95.9,0.2349438679453414,0.2064012894234395
1982-09,0.2687727377455095,95.8,0.3262918521597825,0.297532294952646,0.1563539535718119,90.4,0.2198772405629856,0.1881155970673987
1982-10,0.2722937887101226,93.4,0.3210078605846035,0.2966508246473631,0.1871638929226264,84.1,0.2122162470730759,0.1996900699978511
1982-11,0.2851853626595881,91.6,0.3177955262889072,0.3014904444742476,0.2500830654049502,81.1,0.221601279896503,0.2358421726507266
1982-12,0.3199069769243733,90.8,0.3273799399097309,0.3236434584170521,0.3035416172764529,83.7,0.2885530487155797,0.2960473329960163
1983-01,0.3286128979331117,91.0,0.3356528006964633,0.3321328493147875,0.2982360017014003,99.6,0.313249000076103,0.3057425008887516
1983-02,0.3304346493671892,89.7,0.343112801748843,0.336773725558016,0.3118472310325804,99.3,0.3262698191415242,0.3190585250870523
1983-03,0.3253558370272202,90.4,0.3424781658632219,0.333917001445221,0.2997750401758972,99.7,0.3208921919340249,0.310333616054961
1983-04,0.3144291533059699,90.6,0.3397319176279456,0.3270805354669577,0.2794326235261699,99.3,0.3089560384267225,0.2941943309764462
1983-05,0.313339048852956,89.4,0.334556514558878,0.323947781705917,0.2847567771820621,99.6,0.3003371921119542,0.2925469846470082
1983-06,0.3030857306744751,93.5,0.3334249304997904,0.3182553305871328,0.2881963462137923,99.6,0.3107162875559009,0.2994563168848466
1983-07,0.2672837125400574,93.5,0.3234329160603209,0.2953583143001891,0.2514831215321914,99.8,0.2861140586805137,0.2687985901063526
1983-08,0.2470671326276896,90.7,0.3164287939281093,0.2817479632778994,0.2374253217594025,98.1,0.2682596608132889,0.2528424912863457
1983-09,0.2387352757754111,87.5,0.3116591273843738,0.2751972015798924,0.2198574996639148,96.3,0.257077281513453,0.2384673905886838
1983-10,0.2632926316494104,85.0,0.3115252799449716,0.287408955797191,0.2078878069311685,94.0,0.2451051366096722,0.2264964717704204
1983-11,0.2873438942474856,86.2,0.3188628513043979,0.3031033727759418,0.2240411455225727,89.5,0.2381136891268092,0.2310774173246909
1983-12,0.2810651063618283,86.2,0.3177922309870161,0.2994286686744222,0.2799336826301942,88.3,0.2753264123148385,0.2776300474725164
1984-01,0.2877506685115507,85.4,0.316495682067004,0.3021231752892774,0.2870952987168299,94.5,0.2930766105984123,0.2900859546576211
1984-02,0.286183229558522,85.8,0.3151605386069458,0.3006718840827339,0.2953249611526473,99.5,0.3048680001078617,0.3000964806302544
1984-03,0.2933752227638371,85.7,0.3147028691157774,0.3040390459398073,0.3007068597819711,99.6,0.3182672653540074,0.3094870625679892
1984-04,0.2857559188172935,86.8,0.3151620187142257,0.3004589687657596,0.2689824021912655,99.5,0.2952225336267313,0.2821024679089984
1984-05,0.2743262652820822,84.1,0.3104508034596355,0.2923885343708588,0.2511980938518339,99.5,0.2696337525615233,0.2604159232066786
1984-06,0.2626912775519821,79.9,0.3059394391259157,0.2843153583389489,0.2251082201053329,99.3,0.2538459687326816,0.2394770944190072
1984-07,0.2372112596423924,77.6,0.3015961913767881,0.2694037255095903,0.1816730570953384,95.0,0.2334007733177325,0.2075369152065354
1984-08,0.2248592619459996,72.9,0.2985681933590687,0.2617137276525341,0.1523499116880119,88.9,0.2176689778106703,0.1850094447493411
1984-09,0.218281185197709,69.0,0.2964782545144848,0.257379719856097,0.1452858675663096,83.3,0.2056430793637001,0.1754644734650048
1984-10,0.2664374441991917,66.6,0.2980094818073555,0.2822234630032736,0.2257386274837294,78.2,0.2145438962206352,0.2201412618521823
1984-11,0.3119433045701447,77.0,0.3153442538138727,0.3136437791920087,0.2832199801134186,81.7,0.2693254138921482,0.2762726970027833
1984-12,0.3297421807396515,79.6,0.3286157928616146,0.329178986800633,0.2888797913670334,85.5,0.2860612033034809,0.2874704973352571
1985-01,0.3387166621506945,86.2,0.3487543367115233,0.3437354994311088,0.2899179389274819,90.2,0.2946426987092466,0.2922803188183642
1985-02,0.3283779583070096,89.5,0.3473400435260876,0.3378590009165486,0.2991177482551412,95.7,0.3078534610873141,0.3034856046712276
1985-03,0.3341041044309006,91.4,0.3498621814614343,0.3419831429461674,0.297202314465726,100.0,0.3169547190134094,0.3070785167395676
1985-04,0.3218258450601663,94.0,0.3455010138395862,0.3336634294498762,0.2763819738828253,99.5,0.2979500317792931,0.2871660028310592
1985-05,0.3203406885348085,94.1,0.3412173216843955,0.330779005109602,0.2690491695878612,99.6,0.2825328553823655,0.2757910124851133
1985-06,0.3145247061806314,95.2,0.3391596830830978,0.3268421946318646,0.2138461133638765,99.8,0.2557539399881619,0.2348000266760191
1985-07,0.2836613891011296,95.2,0.3304615347447938,0.3070614619229617,0.1835715851686158,94.5,0.2341937072147132,0.2088826461916645
1985-08,0.2605373761911042,94.0,0.3220492368359793,0.2912933065135417,0.157081676960031,89.2,0.2184716086390536,0.1877766427995423
1985-09,0.2584156915758383,90.3,0.3164495657451118,0.2874326286604751,0.1602954686248485,82.7,0.2067192716314221,0.1835073701281353
1985-10,0.3030126810181615,87.8,0.3214554821797991,0.3122340815989803,0.2283080223310449,78.3,0.2120221476216508,0.2201650849763478
1985-11,0.3164937704567424,93.6,0.3336540106255029,0.3250738905411225,0.2977054787818556,79.7,0.2807106555361965,0.2892080671590261
1985-12,0.3156127644208433,93.8,0.3358167557048931,0.3257147600628682,0.3024117604271146,87.3,0.319301845334792,0.3108568028809533
1986-01,0.3060651179112968,93.3,0.3315183260194286,0.3187917219653627,0.2814863915485801,99.8,0.304618269690513,0.2930523306195465
1986-02,0.3188147396558918,91.8,0.3333546359312462,0.326084687793569,0.2864649009501674,99.9,0.3040593810875943,0.2952621410188808
1986-03,0.305441984647814,91.8,0.3297806782257215,0.3176113314367678,0.2637394767514938,99.8,0.2879289216594446,0.2758341992054692
1986-04,0.3030849417895068,90.8,0.3249556494540325,0.3140202956217696,0.2650686634066264,98.9,0.2734108243472178,0.2692397438769221
1986-05,0.3098647137670618,90.3,0.3259803081156048,0.3179225109413333,0.2815642536346418,99.2,0.2782464908495969,0.2799053722421193
1986-06,0.3268633156608116,91.3,0.3406364323667497,0.3337498740137807,0.2917619351685384,100.0,0.2941396083237895,0.2929507717461639
1986-07,0.291815881975929,94.4,0.3327682098096123,0.3122920458927706,0.2336674424397202,99.6,0.2772995763615886,0.2554835094006544
1986-08,0.2718107403176573,93.6,0.3229809217748053,0.2973958310462312,0.1951454127999752,99.5,0.252710984687437,0.223928198743706
1986-09,0.3096869214739822,92.7,0.3328186341778308,0.3212527778259065,0.2065995394168538,97.4,0.2428245105211543,0.224712024969004
1986-10,0.3435811710165193,93.8,0.3535569287558977,0.3485690498862085,0.2303729623186556,94.0,0.2410304718543869,0.2357017170865212
1986-11,0.3424163925304102,94.9,0.3587299112904267,0.3505731519104184,0.2826254207785422,91.5,0.2691298460850249,0.2758776334317835
1986-12,0.3544607591510726,95.6,0.3648793238029351,0.3596700414770039,0.3067310031769968,99.7,0.3110898265048544,0.3089104148409256
1987-01,0.351970732774625,95.7,0.3705016697765584,0.3612362012755917,0.2995731082713364,99.7,0.3179198825575863,0.3087464954144613
1987-02,0.3520692507389307,95.6,0.3674795684792277,0.3597744096090793,0.3008071883160898,99.6,0.3130772057472621,0.3069421970316759
1987-03,0.3474412894207607,96.6,0.3705894602059561,0.3590153748133584,0.2994359239111992,99.7,0.3252011185630185,0.3123185212371088
1987-04,0.3261363323737691,96.5,0.3571404639750666,0.3416383981744178,0.2680023701306606,99.3,0.2986004172344023,0.2833013936825314
1987-05,0.3295023065033187,91.4,0.3477715246799734,0.338636915591646,0.257591372350789,97.4,0.2731969383700486,0.2653941553604188
1987-06,0.3481516657321871,93.8,0.3712954049327316,0.3597235353324593,0.2621521791701344,96.0,0.2626432149551604,0.2623976970626474
1987-07,0.3085825863568516,92.7,0.3544158469917959,0.3314992166743237,0.2284884965443461,97.4,0.2516682523301966,0.2400783744372713
1987-08,0.2814222265756792,92.2,0.3389493691710358,0.3101857978733575,0.1755926816236154,95.1,0.2315546212083817,0.2035736514159986
1987-09,0.2889157533263274,91.1,0.3316452453741794,0.3102804993502533,0.1927138620171774,90.4,0.2190630963106662,0.2058884791639218
1987-10,0.2814031725041019,89.9,0.3272833917856524,0.3043432821448772,0.1882719329879323,86.7,0.2119318494920379,0.2001018912399851
1987-11,0.2935411279445479,87.7,0.3245629283788459,0.3090520281616969,0.2327308679355032,80.9,0.2203451627513225,0.2265380153434128
1987-12,0.3087761803860649,87.2,0.3266178565508739,0.3176970184684694,0.2928995116814653,84.9,0.2766182096847355,0.2847588606831003
1988-01,0.3214990528905986,88.5,0.3358580591324499,0.3286785560115243,0.2939677162245577,95.2,0.3052547530436705,0.2996112346341141
1988-02,0.3106053201959647,87.8,0.3335693574497153,0.32208733882284,0.2816860457331346,99.3,0.2961638518884402,0.2889249488107874
1988-03,0.3068002536161411,87.3,0.3299452576653531,0.3183727556407471,0.2856562094990358,99.3,0.2962908911042656,0.2909735503016507
1988-04,0.3009761389794613,86.6,0.3256284445125039,0.3133022917459825,0.2704048572621083,99.5,0.2884858451441361,0.2794453512031222
1988-05,0.2970740668806733,85.2,0.3212665436928296,0.3091703052867514,0.2365503787158424,99.4,0.2633124164672406,0.2499313975915415
1988-06,0.2970703203717058,84.2,0.3230581183228659,0.3100642193472858,0.1894847456332599,95.1,0.2389284781186831,0.2142066118759714
1988-07,0.2791454262365013,85.7,0.3179969232185746,0.298571174727538,0.1772403838928831,89.0,0.2228630896612258,0.2000517367770544
1988-08,0.2509574136018689,84.0,0.3123864954597499,0.2816719545308094,0.1598439694892274,83.9,0.2099188173906124,0.1848813934399199
1988-09,0.2582851208458116,80.3,0.3099459340780239,0.2841155274619177,0.147504921445295,78.6,0.200396943506454,0.1739509324758745
1988-10,0.2760981077251531,79.9,0.3140246482928461,0.2950613780089995,0.1522299869051299,72.6,0.1936442385834394,0.1729371127442846
1988-11,0.2783040599361789,78.8,0.312148028002748,0.2952260439694634,0.1984816610152718,67.7,0.1920662712229924,0.1952739661191321
1988-12,0.2888896986588736,78.0,0.3117403073421219,0.3003150030004977,0.241012716107964,63.5,0.2024424161857867,0.2217275661468753
1989-01,0.2926097532804194,76.6,0.3118343769791682,0.3022220651297938,0.2827122925771631,63.6,0.2386884230924132,0.2607003578347881
1989-02,0.3191560665377134,78.0,0.3229816292008719,0.3210688478692926,0.2965921381312533,73.3,0.2983735661391304,0.2974828521351919
1989-03,0.3189639634151352,81.6,0.3362416440522182,0.3276028037336767,0.2869171144956031,83.8,0.2960253545067585,0.2914712345011808
1989-04,0.3142311066586282,86.0,0.33789253171542,0.3260618191870241,0.2796301135633983,90.5,0.3022751568853051,0.2909526352243517
1989-05,0.3216565500541928,86.8,0.3411822686050698,0.3314194093296312,0.2875597790155402,98.9,0.3001002982699318,0.293830038642736
1989-06,0.3318040620806585,92.3,0.34975266744653,0.3407783647635943,0.2943050515823424,99.4,0.3088175694602968,0.3015613105213196
1989-07,0.2930288941967364,95.4,0.3405777791073351,0.3168033366520358,0.2829600136057725,99.8,0.3177274496686188,0.3003437316371956
1989-08,0.2806808975404826,94.6,0.3296269534150813,0.305153925477782,0.2339002253307349,99.7,0.2813057017429837,0.2576029635368593
1989-09,0.2897404113981779,93.2,0.3273035845453166,0.3085219979717472,0.2145431579505863,98.4,0.2585901067499382,0.2365666323502622
1989-10,0.2885392732473391,93.5,0.3272364673206244,0.3078878702839817,0.2085041860572472,94.3,0.2455989930091935,0.2270515895332203
1989-11,0.2898093030664708,91.9,0.3230708983824086,0.3064401007244397,0.2215801321658787,90.4,0.2381064352642036,0.2298432837150411
1989-12,0.2853424218641085,90.8,0.3196209935494361,0.3024817077067723,0.223236100756606,86.7,0.2359838336806447,0.2296099672186253
1990-01,0.3012607148147719,89.1,0.3194526083100537,0.3103566615624127,0.2877056990511001,84.0,0.2734678668940066,0.2805867829725534
1990-02,0.315159821792157,89.6,0.3272777588328919,0.3212187903125245,0.3074400555311446,95.9,0.3221527895265951,0.3147964225288698
1990-03,0.3306934911104486,91.0,0.337163180762745,0.3339283359365967,0.2952364094171004,99.6,0.3147711113892822,0.3050037604031913
1990-04,0.3356647896698662,94.1,0.3458732625274795,0.3407690260986728,0.2967342453871283,99.6,0.3176171178351263,0.3071756816111273
1990-05,0.3402479322737289,96.6,0.3678682768999915,0.3540581045868602,0.3014828763586059,99.6,0.3194876281393538,0.3104852522489799
1990-06,0.3061462428079201,97.4,0.3504135499722754,0.3282798963900977,0.2744869661359407,99.4,0.3138810812026996,0.2941840236693202
1990-07,0.2841626611755027,96.3,0.3355147424165776,0.3098387017960402,0.2139667332733863,99.4,0.2740422595091339,0.2440044963912601
1990-08,0.2819057797010255,95.1,0.3293854715068965,0.3056456256039611,0.1841091491020763,96.5,0.2508212455817832,0.2174651973419298
1990-09,0.2836049135226867,94.2,0.3255919973225767,0.3045984554226317,0.1876430564601561,89.5,0.234622821516587,0.2111329389883716
1990-10,0.298240030905805,94.5,0.3295848135305596,0.3139124222181823,0.2074167159679661,84.6,0.2299322632062999,0.218674489587133
1990-11,0.3189704522857993,93.6,0.3334672522334428,0.3262188522596211,0.2500468686516746,81.7,0.2409123913876424,0.2454796300196585
1990-12,0.3093236601117546,94.3,0.3343958926242258,0.3218597763679902,0.2600316078650935,83.5,0.2470787845318382,0.2535551961984658
1991-01,0.3358516013917881,93.9,0.3425699859888538,0.339210793690321,0.3154172136844135,85.9,0.3183725279484654,0.3168948708164394
1991-02,0.3284396476682199,95.6,0.3503781656850586,0.3394089066766392,0.31380566460729,99.2,0.3362332339502488,0.3250194492787694
1991-03,0.3140970262119997,95.7,0.3426903947051068,0.3283937104585532,0.2960335539645428,99.4,0.3268591590456634,0.3114463565051031
1991-04,0.3100956473716941,94.8,0.336702730616669,0.3233991889941816,0.305881588167524,99.3,0.3242140497881353,0.3150478189778296
1991-05,0.3140473777553521,94.1,0.3352889923764613,0.3246681850659067,0.3119156230142789,99.4,0.337377704531995,0.3246466637731369
1991-06,0.324870829220906,95.7,0.3434826466841937,0.3341767379525499,0.291675129471966,99.5,0.3143000260079047,0.3029875777399354
1991-07,0.2880917562229727,96.7,0.3355689158632516,0.3118303360431121,0.254216597834756,99.4,0.29389884130628,0.274057719570518
1991-08,0.3005369175663902,95.7,0.3326482091993664,0.3165925633828783,0.2608156055052176,97.6,0.288304841580242,0.2745602235427298
1991-09,0.3169755017870573,96.0,0.3357659753898344,0.3263707385884459,0.2807492030764612,99.4,0.3009071516683594,0.2908281773724103
1991-10,0.313689449185863,96.4,0.3389482038865931,0.326318826536228,0.2522529004251559,97.8,0.2811521708386796,0.2667025356319178
1991-11,0.3415717369281394,96.4,0.3587072852060005,0.35013951106707,0.2926203094675021,94.1,0.2948740959421706,0.2937472027048364
1991-12,0.359343653055275,96.7,0.3702153939897772,0.3647795235225261,0.3123863131952136,95.1,0.325377687902657,0.3188820005489353
1992-01,0.3726118391992088,97.1,0.3928525947780306,0.3827322169886197,0.3203528005196115,99.8,0.3409224458043973,0.3306376231620044
1992-02,0.3790021079071235,97.5,0.4012245815989325,0.390113344753028,0.3263056954682531,99.6,0.3490158971222421,0.3376607962952476
1992-03,0.36258201528736,96.9,0.3934653678758609,0.3780236915816105,0.3106624727571398,99.8,0.3392205619900327,0.3249415173735863
1992-04,0.340617226496916,96.7,0.3720339787801932,0.3563256026385545,0.2869287592258149,99.6,0.3131128849363523,0.3000208220810836
1992-05,0.3382064530266883,96.4,0.3601078380458696,0.349157145536279,0.2793920273602871,99.5,0.2953723357394431,0.2873821815498651
1992-06,0.3482459368573912,96.9,0.3714914819616903,0.3598687094095407,0.2590328062348399,99.5,0.2880736136812119,0.2735532099580259
1992-07,0.3097622103251432,97.0,0.3541569958743759,0.3319596030997596,0.2063988481511921,96.0,0.2593574112206048,0.2328781296858984
1992-08,0.2941468003493006,96.4,0.3409302241394136,0.3175385122443571,0.1816205362292964,91.2,0.2389373188697401,0.2102789275495182
1992-09,0.2850111956020316,95.3,0.3329336622861128,0.3089724289440722,0.1909377007775008,86.0,0.2260221420906532,0.208479921434077
1992-10,0.276100502622873,94.5,0.326474832593798,0.3012876676083355,0.1833040285333469,81.4,0.2160732344541374,0.1996886314937421
1992-11,0.3045810639518585,92.5,0.3257019797353536,0.315141521843606,0.2525397771687062,76.4,0.2226010060033227,0.2375703915860144
1992-12,0.3325433341802132,92.4,0.3423541069210316,0.3374487205506223,0.2879068084044339,75.2,0.2700024387961666,0.2789546236003002
1993-01,0.3333687553690381,94.2,0.3495389369806144,0.3414538461748262,0.3090175195254024,83.7,0.321134909482801,0.3150762145041017
1993-02,0.3405166332064158,94.9,0.3540772241468167,0.3472969286766161,0.298884162415177,95.9,0.3195606202876164,0.3092223913513967
1993-03,0.3373112713919081,95.9,0.357689703496436,0.347500487444172,0.3081499911290976,98.5,0.3278606830479174,0.3180053370885075
1993-04,0.3255829651463564,96.1,0.3511054055556085,0.3383441853509825,0.3017869867693663,99.7,0.3266134940896101,0.3142002404294882
1993-05,0.3184463670582306,95.6,0.344968353191385,0.3317073601248078,0.296295113153934,99.5,0.3186514477680315,0.3074732804609827
1993-06,0.3051930752110999,95.4,0.33541200305759,0.320302539134345,0.2848210579044359,99.5,0.3078667149731579,0.2963438864387969
1993-07,0.2735524742372465,95.1,0.3279387707283613,0.3007456224828039,0.2474511995240119,99.7,0.3020249067928825,0.2747380531584472
1993-08,0.2503670041818839,92.9,0.3197472969193368,0.2850571505506103,0.1887304455229632,98.3,0.2645242205658476,0.2266273330444054
1993-09,0.2624788834295832,89.1,0.3157115159891599,0.2890951997093715,0.1709152666621697,91.6,0.2430930461637922,0.207004156412981
1993-10,0.2883780835844365,86.7,0.3183635380132727,0.3033708107988546,0.2068251591817572,85.3,0.2340859194970235,0.2204555393393903
1993-11,0.3018361027445381,90.9,0.3259503537276366,0.3138932282360873,0.2566714141773513,82.9,0.244122567277493,0.2503969907274222
1993-12,0.3042162745350727,90.3,0.325315539858832,0.3147659071969523,0.2736617072566185,82.0,0.261808350046756,0.2677350286516872
1994-01,0.3008642408767986,88.7,0.3240644833677204,0.3124643621222595,0.272987899453068,82.4,0.2721562159284752,0.2725720576907716
1994-02,0.3051518477753307,87.5,0.3239382337195296,0.3145450407474301,0.3006143334073068,84.3,0.3047348827734629,0.3026746080903848
1994-03,0.3039803923445117,88.8,0.3263213383606491,0.3151508653525803,0.2960793807999287,98.0,0.3207718876342642,0.3084256342170964
1994-04,0.2940446711636302,88.5,0.3216370558680036,0.3078408635158169,0.2788923209463092,99.8,0.2989122125440036,0.2889022667451564
1994-05,0.3267229653923632,87.8,0.3334995268502949,0.330111246121329,0.2883289212535179,99.7,0.2950584820332221,0.29169370164337
1994-06,0.30095923053914,95.7,0.3385876549556392,0.3197734427473895,0.2688055521771136,99.7,0.2877213618743147,0.2782634570257142
1994-07,0.2711796877560878,94.9,0.3266257840803339,0.2989027359182108,0.2126980916430405,97.7,0.2613073625795871,0.2370027271113137
1994-08,0.2523535581743185,93.2,0.318651040018908,0.2855022990966132,0.2209409553150062,92.4,0.2459641191510312,0.2334525372330187
1994-09,0.2691535402384229,90.5,0.3160955261435012,0.2926245331909621,0.2335188686593474,88.8,0.2482531333757556,0.2408860010175515
1994-10,0.2869491476688489,89.0,0.3180564031368312,0.30250277540284,0.2784392837521131,84.9,0.2812840952581493,0.2798616895051312
1994-11,0.3158859292925765,92.8,0.3316269737730644,0.3237564515328204,0.2928589697771364,99.7,0.3147600361038672,0.3038095029405018
1994-12,0.3197430221719702,93.7,0.338797749739077,0.3292703859555236,0.3111726353749822,98.6,0.3259916913933389,0.3185821633841605
1995-01,0.3230637246224864,93.3,0.3430939992669584,0.3330788619447224,0.3230686953078685,99.6,0.3444113221211738,0.3337400087145212
1995-02,0.311632134197937,93.1,0.3378689215870582,0.3247505278924976,0.3036395670953647,99.5,0.3315755592243218,0.3176075631598433
1995-03,0.3155719589477722,92.8,0.3367961980770243,0.3261840785123982,0.3087788936693891,99.4,0.33246666646291,0.3206227800661495
1995-04,0.314142063797908,93.1,0.3387968550900735,0.3264694594439908,0.3041810555625775,99.4,0.325884849962687,0.3150329527626322
1995-05,0.3181132683141006,92.5,0.3381225588631797,0.3281179135886402,0.2876106011994589,99.5,0.3152552247503031,0.3014329129748811
1995-06,0.3139721006751247,92.9,0.3374640942010323,0.3257180974380785,0.2578929008169807,99.6,0.2883857528052442,0.2731393268111124
1995-07,0.288851941233843,94.3,0.3280019764360123,0.3084269588349276,0.2200909859523701,97.6,0.2627278695471007,0.2414094277497354
1995-08,0.3100662151352703,93.3,0.3359862409102921,0.3230262280227812,0.2062231082582201,92.7,0.2482807024519831,0.2272519053551016
1995-09,0.309776518896767,94.3,0.3332976477449988,0.3215370833208829,0.1898210434849375,88.5,0.2335317590532892,0.2116764012691133
1995-10,0.3107807845923904,94.8,0.3372983983749136,0.324039591483652,0.2075072231948894,84.2,0.2281412079863101,0.2178242155905997
1995-11,0.3091197780741309,92.9,0.3326849353586812,0.320902356716406,0.2092433093288885,78.6,0.224338847724863,0.2167910785268757
1995-12,0.3089379821647603,91.8,0.3293941915568655,0.3191660868608129,0.2365192801109459,74.7,0.2343226545318596,0.2354209673214028
1996-01,0.3064957024436531,90.7,0.3272400511665891,0.3168678768051211,0.2601217461196711,76.0,0.2571267060294727,0.2586242260745719
1996-02,0.2971733738535028,89.0,0.3234678301053855,0.3103206019794441,0.2449624730137057,74.8,0.254911680616848,0.2499370768152768
1996-03,0.2957669617614555,88.0,0.3195957818132303,0.3076813717873428,0.2323470790472724,72.9,0.2451485610817104,0.2387478200644914
1996-04,0.3061567476727783,86.8,0.3212748013638883,0.3137157745183332,0.2355639106756792,69.6,0.2357243789998118,0.2356441448377455
1996-05,0.2880983416322536,86.4,0.3184393150071755,0.3032688283197146,0.2105998263695691,68.7,0.221813338356574,0.2162065823630715
1996-06,0.2883244099488852,84.2,0.3154003715010776,0.3018623907249814,0.1859926599150451,66.9,0.2064852287669115,0.1962389443409783
1996-07,0.2589690066327698,80.9,0.3104015205806492,0.2846852636067095,0.1696293984449498,65.4,0.1958563812942699,0.1827428898696098
1996-08,0.2539527213965535,77.4,0.3064629816665066,0.2802078515315301,0.1813345315908747,62.4,0.1883941490872658,0.1848643403390702
1996-09,0.3062959406522051,81.2,0.3201629718539454,0.3132294562530752,0.2192671676321403,63.3,0.1932039709615108,0.2062355692968255
1996-10,0.3005214414187944,92.0,0.3248502945421255,0.3126858679804599,0.2366624648156661,65.6,0.2171997567722668,0.2269311107939665
1996-11,0.3171647756806163,91.9,0.3284886544682984,0.3228267150744573,0.2471458041458709,66.4,0.2197483317201194,0.2334470679329951
1996-12,0.3268458606275553,92.7,0.3414703737690444,0.3341581171982998,0.2744699369324911,68.0,0.2427936216549347,0.2586317792937129
1997-01,0.3178738902822205,93.3,0.3391956172430109,0.3285347537626157,0.2855922471175581,73.0,0.2671770652535256,0.2763846561855418
1997-02,0.3427568438750531,93.5,0.3493094105632858,0.3460331272191694,0.3050759816708406,79.3,0.3029605656974041,0.3040182736841223
1997-03,0.343723906615026,96.3,0.3669017610337107,0.3553128338243684,0.3079490465451159,98.4,0.3295877591181662,0.318768402831641
1997-04,0.3418436878887633,96.1,0.3599755376537739,0.3509096127712686,0.3021114341229775,99.8,0.3241527997046707,0.3131321169138241
1997-05,0.3406870137403573,96.1,0.3628570442143287,0.351772028977343,0.2884523081503393,99.7,0.3119552539384206,0.3002037810443799
1997-06,0.3340397029932733,95.8,0.3565693776997427,0.345304540346508,0.2868753961416483,99.8,0.3000908469711881,0.2934831215564182
1997-07,0.3026040934030565,96.0,0.3478843028672896,0.3252441981351731,0.2394753592216648,99.4,0.2804260561928908,0.2599507077072778
1997-08,0.2877690293021058,94.9,0.3347611921715404,0.311265110736823,0.2425516986337737,95.5,0.2711821114158772,0.2568669050248254
1997-09,0.2748651442236657,93.6,0.3267469660595931,0.3008060551416294,0.2209905512564136,98.9,0.2568367076188349,0.2389136294376242
1997-10,0.2908912331623489,89.0,0.3230454515508891,0.306968342356619,0.2515801352489032,94.2,0.2531952300756597,0.2523876826622814
1997-11,0.3005902922714917,88.2,0.324334711891611,0.3124625020815513,0.2816632156038062,91.5,0.2755021100199761,0.2785826628118911
1997-12,0.3246214011613702,86.9,0.3319478385202428,0.3282846198408065,0.3037460323123773,92.1,0.3101438270954488,0.306944929703913
1998-01,0.3370856288773535,89.4,0.3515048315011107,0.3442952301892321,0.3197589573600327,99.8,0.3417258962485388,0.3307424268042856
1998-02,0.3376187751193552,90.6,0.3514420520847573,0.3445304136020563,0.3149883588921019,99.8,0.3352487655864449,0.3251185622392734
1998-03,0.342144640953356,90.9,0.3590985993295362,0.3506216201414461,0.3054612070417105,99.7,0.3335094864738821,0.3194853467577963
1998-04,0.3224362027160768,93.8,0.3529320152689856,0.3376841089925312,0.2792326893790617,99.6,0.3064236363934073,0.2928281628862345
1998-05,0.3056690790759348,92.9,0.340074625303451,0.3228718521896929,0.2413136970333172,99.6,0.2782239779735468,0.259768837503432
1998-06,0.2892865854295773,91.2,0.3299927231820546,0.3096396543058159,0.1997411836367782,94.8,0.2479813899003485,0.2238612867685633
1998-07,0.2598222905586325,88.7,0.3212996366202008,0.2905609635894167,0.1545585221811536,89.1,0.2262605117492189,0.1904095169651862
1998-08,0.242491642346787,84.4,0.3149801924523477,0.2787359173995674,0.1513655361994504,82.2,0.2111295703753686,0.1812475532874095
1998-09,0.2430853957750181,81.1,0.3115086539951415,0.2772970248850798,0.2106006399745532,77.4,0.2138854854791731,0.2122430627268631
1998-10,0.2727573949901007,80.2,0.315021371692532,0.2938893833413163,0.2666940362197734,77.1,0.2404462320932314,0.2535701341565024
1998-11,0.2959896094557624,82.6,0.3242218797587096,0.310105744607236,0.2984082609593951,77.9,0.2934339034996621,0.2959210822295286
1998-12,0.3000790852492375,83.3,0.3282553713708466,0.314167228310042,0.3092151272823558,88.7,0.3259845240255461,0.3175998256539509
1999-01,0.2947190041871276,83.8,0.3263461825235428,0.3105325933553352,0.3109056742517094,99.7,0.3336584024004962,0.3222820383261028
1999-02,0.3000483046929478,83.3,0.3243300029451315,0.3121891538190396,0.3021368890961372,98.7,0.335625271993912,0.3188810805450246
1999-03,0.3063002305651494,82.0,0.3225698010168961,0.3144350157910227,0.2939580786456483,98.8,0.3149413654993553,0.3044497220725018
1999-04,0.3071130992730774,84.3,0.3259257866041798,0.3165194429386286,0.2904886830849427,99.7,0.3141713120134909,0.3023299975492168
1999-05,0.308558747769057,84.7,0.3253746484856027,0.3169666981273298,0.277007107000049,99.8,0.2909197834660876,0.2839634452330683
1999-06,0.302498102465046,85.9,0.3232705492884583,0.3128843258767521,0.2749351703788042,99.9,0.2825537717628057,0.278744471070805
1999-07,0.2730565682865128,90.4,0.3189868278140266,0.2960216980502697,0.2497209918298661,99.7,0.2785665239423818,0.2641437578861239
1999-08,0.2451216252620103,87.9,0.3126079070551008,0.2788647661585556,0.1841333604786808,97.1,0.2504605971597392,0.21729697881921
1999-09,0.2375936313143889,83.3,0.3080488034339991,0.272821217374194,0.1687835195834975,89.3,0.2316606436672913,0.2002220816253943
1999-10,0.2366470038605645,80.1,0.3049617336635337,0.2708043687620491,0.1826029442997044,83.5,0.2215860669413333,0.2020945056205188
1999-11,0.2494050353963693,77.0,0.3030805007764744,0.2762427680864218,0.1906916780132301,78.2,0.2168639879005628,0.2037778329568964
1999-12,0.256446666928845,75.2,0.3017126258075359,0.2790796463681905,0.2266685774336984,72.7,0.2191569213200341,0.2229127493768662
2000-01,0.2647504062124042,74.6,0.3017504359002881,0.2832504210563462,0.2311562343662765,70.5,0.2246846523334679,0.2279204433498722
2000-02,0.2665614368735682,73.9,0.3014212760240612,0.2839913564488147,0.2322286019954851,66.9,0.2242012143709571,0.2282149081832211
2000-03,0.2764725949728551,73.6,0.3022367255367804,0.2893546602548177,0.2521993949709999,65.7,0.2259222245113931,0.2390608097411964
2000-04,0.2885335731769718,74.3,0.3076875503388475,0.2981105617579097,0.2781880187114449,69.5,0.2633235556937012,0.270755787202573
2000-05,0.2799170646114456,75.3,0.3081050457000986,0.2940110551557721,0.2811366182825373,76.4,0.2785008735544589,0.2798187459184981
2000-06,0.2958857203367741,74.9,0.3125023499076927,0.3041940351222333,0.2602636367778315,84.0,0.2653513943906078,0.2628075155842196
2000-07,0.2641759622317832,84.7,0.3109481036459425,0.2875620329388628,0.2015842220900674,84.4,0.2428427275138323,0.2222134748019498
2000-08,0.2368648711928834,81.1,0.3049971380691895,0.2709310046310364,0.1509787125399837,80.0,0.2217325830551534,0.1863556477975685
2000-09,0.2284248458888091,75.6,0.3007888418280373,0.2646068438584232,0.1474693683276354,76.1,0.2083274223415159,0.1778983953345757
2000-10,0.2509689946830555,72.1,0.2990800206322853,0.2750245076576704,0.1628817409776058,73.0,0.2010846059280862,0.181983173452846
2000-11,0.3274908254739529,73.0,0.3242653995441345,0.3258781125090437,0.2896543914751759,71.0,0.2539833322928385,0.2718188618840072
2000-12,0.3228651516619068,81.2,0.3360471522548349,0.3294561519583708,0.3046725383303355,78.1,0.3119970862963684,0.3083348123133519
2001-01,0.3357222381713776,81.4,0.3430339376384095,0.3393780879048936,0.3146626148322189,86.1,0.3364072850795467,0.3255349499558828
2001-02,0.3444211863926555,83.2,0.3539154891146983,0.3491683377536769,0.3105520003348852,99.3,0.3347211087974896,0.3226365545661874
2001-03,0.3536925974518872,88.7,0.3677351585341409,0.3607138779930141,0.3269908573860593,99.5,0.3511267869865348,0.339058822186297
2001-04,0.3288536781708156,89.1,0.3586634600478915,0.3437585691093536,0.2902255465901509,99.5,0.3224120792682441,0.3063188129291975
2001-05,0.3202964987683111,88.8,0.3476747180564544,0.3339856084123827,0.2748184597949357,99.4,0.2970262153914105,0.2859223375931731
2001-06,0.2922441836512629,89.1,0.3352133504594446,0.3137287670553537,0.303076312105147,99.7,0.3227113365731776,0.3128938243391623
2001-07,0.2583442711927777,87.6,0.3245948380321803,0.291469554612479,0.2511600910484521,99.7,0.2993733640521977,0.2752667275503249
2001-08,0.2423433057266159,83.1,0.3177176898504347,0.2800304977885253,0.1994566930392093,99.2,0.2651464371629373,0.2323015651010733
2001-09,0.266329511425306,80.4,0.3172493803604939,0.2917894458928999,0.2628263331586412,95.4,0.2665501577555804,0.2646882454571108
2001-10,0.2691350920620594,79.7,0.3160124712049252,0.2925737816334923,0.2724253450044489,91.4,0.2808949131655655,0.2766601290850071
2001-11,0.29355938803187,78.8,0.3205588557626146,0.3070591218972423,0.2640226019363913,90.6,0.2791289684338652,0.2715757851851282
2001-12,0.3153014111209037,80.0,0.3333166013552563,0.32430900623808,0.3170664492581109,89.9,0.3335551509328658,0.3253108000954884
2002-01,0.3091897300406857,80.6,0.3334733190689111,0.3213315245547984,0.3040409774803952,98.2,0.3298385596412985,0.3169397685608468
2002-02,0.3180838995965981,80.6,0.3357773568884711,0.3269306282425346,0.3011742248557486,98.6,0.327410659240437,0.3142924420480928
2002-03,0.3135213083724836,80.6,0.3335178853973486,0.3235195968849161,0.2888418001322692,98.8,0.3118516315063122,0.3003467158192907
2002-04,0.3246509826537805,85.3,0.3415926381127633,0.3331218103832719,0.2916669741804046,98.9,0.3185404657131868,0.3051037199467957
2002-05,0.3110226706170135,87.1,0.3367173396341628,0.3238700051255882,0.2549144729063382,98.8,0.28541227024583,0.270163371576084
2002-06,0.3033916888606603,87.5,0.331918329157264,0.3176550090089621,0.2491174903015546,97.1,0.2623524652181698,0.2557349777598622
2002-07,0.3112767267666886,87.8,0.3359349458536478,0.3236058363101682,0.2449114180831626,93.0,0.2532614057731627,0.2490864119281627
2002-08,0.2813160449848918,90.5,0.3290102187589414,0.3051631318719165,0.1918835511798606,89.1,0.2373261602503514,0.214604855715106
2002-09,0.2777331665037096,86.7,0.3220754595735622,0.2999043130386358,0.1853501758620387,84.2,0.2222327000093708,0.2037914379357047
2002-10,0.3142233591459827,84.0,0.3270016592830131,0.3206125092144979,0.2259641314494436,80.3,0.221533291871408,0.2237487116604258
2002-11,0.3314913666077019,85.5,0.3477414963788112,0.3396164314932566,0.2856622579739474,82.3,0.2864691192804748,0.2860656886272111
2002-12,0.3400300654232138,84.5,0.3512735537583495,0.3456518095907817,0.3114868838286625,89.1,0.3183818412341161,0.3149343625313893
2003-01,0.3323143497450461,83.5,0.3532732879694844,0.3427938188572652,0.3044515248474881,99.5,0.3298595858149297,0.3171555553312088
2003-02,0.3271890561117115,82.6,0.3478700482623445,0.337529552187028,0.3086366289355075,99.7,0.3273852766775578,0.3180109528065326
2003-03,0.3272984371174162,83.5,0.3497105206930692,0.3385044789052426,0.307057063062895,99.6,0.3341755819731019,0.3206163225179984
2003-04,0.3113920919220321,83.1,0.3400123480841545,0.3257022200030933,0.2813624485276894,99.7,0.3089391048023934,0.2951507766650413
2003-05,0.3039848670426452,82.4,0.3312885300072129,0.3176366985249291,0.2527866551495645,99.9,0.2821696664258004,0.2674781607876824
2003-06,0.3184479325935171,81.1,0.3328080946001553,0.3256280135968363,0.2573606986004223,98.1,0.2693646340274898,0.2633626663139561
2003-07,0.2818883347229001,84.2,0.3291303320409828,0.3055093333819415,0.2443364540811251,98.4,0.2642548618610248,0.254295657971075
2003-08,0.2606494295206147,81.2,0.3201494543166355,0.2903994419186251,0.2065473586620207,96.4,0.2447191192122994,0.22563323893716
2003-09,0.2770693519235117,78.6,0.3171758158052935,0.2971225838644026,0.2164369667899978,90.2,0.2344236448484306,0.2254303058192142
2003-10,0.2899745771169521,78.1,0.3210130401629272,0.3054938086399396,0.2214402640694816,85.1,0.2285559585916641,0.2249981113305728
2003-11,0.2954627073039606,80.2,0.3209422159848683,0.3082024616444144,0.2433332827580072,81.6,0.2361241234138607,0.2397287030859339
2003-12,0.2905148434339343,78.5,0.3191733528846859,0.3048440981593101,0.2696247801934004,82.5,0.2624298782031911,0.2660273291982958
2004-01,0.3002511507993873,77.3,0.3187536210525243,0.3095023859259558,0.285773751510726,83.6,0.2798461673537225,0.2828099594322242
2004-02,0.3179554664914408,78.3,0.3265861650106377,0.3222708157510393,0.3154383919963409,90.2,0.32739526731671,0.3214168296565254
2004-03,0.3322383097468469,80.6,0.3443980939423621,0.3383182018446045,0.3014328173735242,99.6,0.3254625957406081,0.3134477065570661
2004-04,0.3322868622105679,81.0,0.3463703576906943,0.3393286099506311,0.2898256200275702,99.8,0.3081024686840818,0.298964044355826
2004-05,0.3183752234487179,84.9,0.3483663155648666,0.3333707695067923,0.2890908294538669,99.9,0.3173575092867907,0.3032241693703288
2004-06,0.3261939242253711,84.9,0.3464817379216008,0.3363378310734859,0.2833972422749495,99.8,0.2969687939870861,0.2901830181310178
2004-07,0.305618259897054,87.9,0.3432446463814551,0.3244314531392546,0.2600381514263488,99.8,0.2992900574226471,0.2796641044244979
2004-08,0.3064918509507763,88.9,0.336790445027741,0.3216411479892586,0.2296826084832621,97.8,0.2686554818551196,0.2491690451691909
2004-09,0.3009827796859419,89.8,0.3351117806859411,0.3180472801859416,0.2215436605886404,91.9,0.2551457641047271,0.2383447123466838
2004-10,0.3259305647863065,86.4,0.3383078557956163,0.3321192102909615,0.2633470875455723,88.1,0.2589005705096458,0.261123829027609
2004-11,0.3619966567499533,87.8,0.3667974641550061,0.3643970604524797,0.3026877187255489,87.8,0.3025435179255625,0.3026156183255556
2004-12,0.3576796357726705,93.5,0.3830481381691117,0.370363886970891,0.3134591437642022,99.8,0.3353135196921638,0.324386331728183
2005-01,0.348257983913412,92.1,0.3709089882801756,0.3595834860967938,0.3062783707875202,99.8,0.3268116049320554,0.3165449878597878
2005-02,0.351448053501429,92.9,0.3701713490027888,0.3608097012521088,0.319235659954038,99.8,0.3396973587279716,0.3294665093410048
2005-03,0.3443468983783012,92.0,0.3677408822077242,0.3560438902930127,0.3066117027008206,99.5,0.3320971208581811,0.3193544117795009
2005-04,0.3249544029587203,91.5,0.3567135744287461,0.3408339886937331,0.2853942267582092,99.6,0.3120295560757187,0.298711891416964
2005-05,0.3234819578797939,90.8,0.3474366273479257,0.3354592926138598,0.2562836900852266,99.6,0.2843254335448262,0.2703045618150264
2005-06,0.3031462047288318,90.6,0.3402532339517632,0.3216997193402975,0.2172184699003136,98.1,0.2557025880917178,0.2364605289960157
2005-07,0.274907785998554,88.6,0.3292292295365544,0.3020685077675542,0.1841580185304977,95.0,0.2321026457045217,0.2081303321175097
2005-08,0.2931492713818112,86.0,0.3314700391687902,0.3123096552753007,0.1658714707074427,91.5,0.2156189140180479,0.1907451923627453
2005-09,0.2874620031073829,92.0,0.3332869299045511,0.310374466505967,0.1650598618316932,87.2,0.205860359880894,0.1854601108562936
2005-10,0.2923153739146052,89.3,0.3290244813353908,0.310669927624998,0.2054155310710717,86.9,0.2143787421291102,0.2098971366000909
2005-11,0.2862103266266677,87.0,0.3253009742746818,0.3057556504506748,0.1977553362330359,82.6,0.208922474341845,0.2033389052874404
2005-12,0.284528310061644,84.8,0.3217973465341418,0.3031628282978929,0.2037498930907951,81.1,0.2069448603963286,0.2053473767435618
2006-01,0.2852854166628871,82.9,0.3190794381475936,0.3021824274052404,0.2177197325796465,80.4,0.2088300464338681,0.2132748895067573
2006-02,0.2958631686312777,81.8,0.3186395847146172,0.3072513766729475,0.2755794338517948,82.5,0.2508956485282346,0.2632375411900147
2006-03,0.30925784359648,81.4,0.3224959469495298,0.3158768952730049,0.2703998365552494,88.8,0.2635136551702538,0.2669567458627516
2006-04,0.3093903004798858,84.8,0.3287397110782098,0.3190650057790478,0.2606882207978735,93.0,0.2615088738583696,0.2610985473281216
2006-05,0.3183451694065611,84.4,0.3369543237929278,0.3276497465997445,0.2512545378509468,94.1,0.2504921242648377,0.2508733310578923
2006-06,0.2932159807175015,87.8,0.3307112388940296,0.3119636098057655,0.2066456084027758,92.3,0.2303720870360722,0.218508847719424
2006-07,0.2673526331844245,85.4,0.3223456766213235,0.294849154902874,0.1821550206873948,89.9,0.2159787818150076,0.1990669012512012
2006-08,0.2449474052288855,81.3,0.3154501485740629,0.2801987769014742,0.1646283055978175,87.7,0.2059759986788285,0.185302152138323
2006-09,0.2677477582820197,77.3,0.3135315149093995,0.2906396365957096,0.1556367067726741,83.1,0.1962327193276443,0.1759347130501592
2006-10,0.2896238934720247,75.3,0.3166950576805915,0.3031594755763081,0.2158391735589326,79.0,0.2091151001999273,0.2124771368794299
2006-11,0.2973194952741638,76.8,0.3225683787720437,0.3099439370231038,0.2661653157637854,89.7,0.2573445890686233,0.2617549524162043
2006-12,0.3047998793227347,76.3,0.3214839896019906,0.3131419344623626,0.2728025582416158,87.0,0.2607481976321965,0.2667753779369062
2007-01,0.3309446626079606,76.7,0.3344230802904746,0.3326838714492176,0.3162448469109944,94.6,0.3193002485729233,0.3177725477419588
2007-02,0.3265734361035486,78.9,0.3445032562857504,0.3355383461946495,0.2987904372414857,97.5,0.3214126262198792,0.3101015317306825
2007-03,0.3298527127098965,78.7,0.344207009704522,0.3370298612072093,0.2834696589060314,97.5,0.3042397817081336,0.2938547203070825
2007-04,0.3443950110104762,91.2,0.3643190248070028,0.3543570179087395,0.2764104614938148,97.6,0.2920775989418196,0.2842440302178172
2007-05,0.3536273572167375,90.9,0.3716738478360158,0.3626506025263766,0.2805064399694106,96.6,0.2900037898641329,0.2852551149167718
2007-06,0.351454239496789,93.2,0.3750491252722189,0.3632516823845039,0.2766025795579224,97.6,0.279543673397429,0.2780731264776757
2007-07,0.3420171588960161,96.7,0.3795603171975067,0.3607887380467614,0.2923859262017316,99.1,0.3015252654676011,0.2969555958346663
2007-08,0.3194766794214318,97.2,0.3586945761575451,0.3390856277894885,0.2536095353791301,99.8,0.285747160707178,0.2696783480431541
2007-09,0.3210561094341765,97.6,0.3532745995641357,0.337165354499156,0.2207849529569085,96.0,0.2609953097535061,0.2408901313552073
2007-10,0.3110690485795224,95.7,0.3448179759717248,0.3279435122756236,0.2110781654027022,88.2,0.2444620587851517,0.2277701120939269
2007-11,0.3110101647636448,93.6,0.3382743596247398,0.3246422621941923,0.2245551687253967,83.8,0.2367907351879717,0.2306729519566842
2007-12,0.324123031218393,92.8,0.3402003458251623,0.3321616885217776,0.2683983575635162,82.3,0.2511102526657286,0.2597543051146224
2008-01,0.3127029328554693,92.2,0.3373088445916895,0.3250058887235794,0.2758617413461264,83.5,0.2729425054918876,0.274402123419007
2008-02,0.3098421971158256,91.4,0.3329141296426788,0.3213781633792523,0.290532758711951,84.1,0.2922853461180884,0.2914090524150197
2008-03,0.3223907620107613,91.2,0.3359974643993574,0.3291941132050593,0.2979729734871835,91.7,0.3151594342604977,0.3065662038738406
2008-04,0.3199605612460179,95.8,0.3401309952393456,0.3300457782426818,0.2877635747750921,97.3,0.3094384007605181,0.2986009877678051
2008-05,0.317141597751961,97.7,0.3397993458921072,0.3284704718220341,0.2641399676112359,96.8,0.2846319450590557,0.2743859563351458
2008-06,0.2947760766631795,96.3,0.3326000918338121,0.3136880842484958,0.2174799782353634,95.8,0.2563402973466868,0.2369101377910251
2008-07,0.2658635501725401,93.0,0.3239636736956021,0.2949136119340711,0.1701920287140049,93.7,0.2324723408650645,0.2013321847895347
2008-08,0.260024406501842,88.9,0.3179023831493205,0.2889633948255813,0.1913225489783967,88.5,0.2172171464960878,0.2042698477372422
2008-09,0.2762204351499894,88.6,0.3177266069379856,0.2969735210439875,0.2309804074173328,86.0,0.2227789258634314,0.2268796666403821
2008-10,0.2933547862543313,87.4,0.3201144377821482,0.3067346120182397,0.2304736487242319,81.0,0.2238193586002088,0.2271465036622203
2008-11,0.2905954285947857,86.2,0.3208679520077729,0.3057316903012793,0.2477123620744429,78.3,0.2279592733573497,0.2378358177158963
2008-12,0.287721076656581,85.2,0.3186368779143348,0.3031789772854579,0.2639654905379925,78.1,0.2415756379049328,0.2527705642214626
2009-01,0.2868114352278394,83.2,0.3162507768672687,0.301531106047554,0.2596822922281152,78.8,0.2481876757933708,0.253934984010743
2009-02,0.2877993198439967,82.2,0.3143724248561409,0.3010858723500688,0.2549650121866969,79.7,0.2469407171450245,0.2509528646658607
2009-03,0.3014274251244049,81.4,0.3180141375347839,0.3097207813295944,0.2708754892432882,81.2,0.2577518861668373,0.2643136877050628
2009-04,0.3076079282835077,82.8,0.3232835683352337,0.3154457483093706,0.2860625343740573,87.4,0.2868450611365604,0.2864537977553088
2009-05,0.304326185802302,85.5,0.3263165645725574,0.3153213751874297,0.2648590598215242,95.9,0.2862563339895491,0.2755576969055366
2009-06,0.2899136345145437,85.2,0.3214959544666598,0.3057047944906017,0.2197536074762087,94.4,0.2574576901266695,0.2386056488014391
2009-07,0.2703186037676658,83.1,0.3162275263358453,0.2932730650517555,0.1782587460543034,91.5,0.2359796002660402,0.2071191731601718
2009-08,0.2598456719109533,79.6,0.3113836769667435,0.2856146744388484,0.1651754619310572,89.5,0.2200660427038107,0.192620752317434
2009-09,0.2871103012198285,75.6,0.3148241475741632,0.3009672243969958,0.1867279105485174,86.4,0.2112740223136726,0.199000966431095
2009-10,0.3199236763803181,78.7,0.3313692844395313,0.3256464804099246,0.2671466626040102,83.8,0.2391355906227908,0.2531411266134005
2009-11,0.3192154128986566,90.3,0.342371735951433,0.3307935744250448,0.2894329307888018,96.4,0.3016556793921985,0.2955443050905001
2009-12,0.3220248105050237,89.7,0.3407819665788963,0.33140338854196,0.301984055990922,94.6,0.3102456636903575,0.3061148598406398
2010-01,0.3227962012828796,87.4,0.338769318861664,0.3307827600722718,0.2956612566550662,96.0,0.3143276310399909,0.3049944438475285
2010-02,0.3579983293589671,91.1,0.3630074308006371,0.3605028800798021,0.3104936371435623,93.1,0.3267912430824062,0.3186424401129842
2010-03,0.3455046347542799,92.6,0.3659513214305678,0.3557279780924239,0.3003108461727437,99.6,0.3226539538660346,0.3114824000193891
2010-04,0.338320714037768,92.7,0.3612229144336714,0.3497718142357196,0.2690129768059903,99.8,0.2971622607168521,0.2830876187614212
2010-05,0.3290997023873526,94.0,0.3596226841180983,0.3443611932527254,0.2354297320909666,99.0,0.2682020660746501,0.2518158990828084
2010-06,0.3078988639908576,93.0,0.3475460758660782,0.3277224699284679,0.2192140761674934,94.7,0.2455856480585313,0.2323998621130123
2010-07,0.3119221741572434,91.0,0.3447023836168841,0.3283122788870637,0.2014601349412617,91.7,0.2295471676360183,0.21550365128864
2010-08,0.2814523814515884,92.6,0.3356721487759345,0.3085622651137614,0.1625333552320937,87.4,0.2136749796523137,0.1881041674422036
2010-09,0.3050805516518822,88.9,0.3368913588487964,0.3209859552503393,0.1659293910342548,80.7,0.2025500597506852,0.1842397253924699
2010-10,0.3043610476786216,91.8,0.3379425911447689,0.3211518194116952,0.158938701118729,75.6,0.1950979917270189,0.1770183464228739
2010-11,0.3027113297886686,88.3,0.3338320711186485,0.3182717004536585,0.1949258757448267,72.7,0.1919679327060345,0.1934469042254306
2010-12,0.3008987367986958,85.1,0.3295434213100907,0.3152210790543933,0.2018131356596156,72.6,0.1916256191594303,0.196719377409523
2011-01,0.3136046265265435,84.4,0.3319626978085764,0.3227836621675599,0.236326457945863,72.0,0.1998060185838423,0.2180662382648526
2011-02,0.3129645611716316,85.8,0.3335080491789406,0.3232363051752861,0.2559622963456062,74.1,0.2236886176192096,0.2398254569824079
2011-03,0.300631818870816,85.3,0.3297430450816423,0.3151874319762291,0.2331037499285244,75.3,0.2205926627135091,0.2268482063210168
2011-04,0.2965717020154698,84.0,0.3249028385370315,0.3107372702762506,0.2151742918405332,75.0,0.209613529158977,0.2123939104997551
2011-05,0.2969930780472388,81.9,0.3228480032657112,0.309920540656475,0.218132478678923,73.7,0.1999308095290369,0.2090316441039799
2011-06,0.2710927122945302,80.5,0.3173936321642969,0.2942431722294135,0.1875715404964386,73.1,0.1901617477891815,0.18886664414281
2011-07,0.2427227517860504,75.7,0.3108658856206844,0.2767943187033674,0.1543649946492686,70.8,0.1808213709371933,0.1675931827932309
2011-08,0.227711598664636,70.3,0.306569536413162,0.267140567538899,0.1224481809290804,66.8,0.1731087824915781,0.1477784817103292
2011-09,0.2233224958633733,65.3,0.3033634300088624,0.2633429629361179,0.116326897558157,62.4,0.167889406678263,0.14210815211821
2011-10,0.265234500382029,61.2,0.3058762599923044,0.2855553801871667,0.1226685951336853,59.5,0.1644905984865611,0.1435795968101232
2011-11,0.2747140544857905,62.4,0.3079813243170295,0.29134768940141,0.1585795535953641,57.3,0.1635869590455271,0.1610832563204456
2011-12,0.296513671132023,61.0,0.3112278660178947,0.3038707685749588,0.236913281442032,57.3,0.177408875650533,0.2071610785462825
2012-01,0.3069884729426276,61.8,0.3193103062632302,0.3131493896029289,0.2738632822543747,61.0,0.2259545149853909,0.2499088986198828
2012-02,0.3200686666198779,74.6,0.3368294007762777,0.3284490336980777,0.2894338497374372,67.5,0.2682756058016835,0.2788547277695604
2012-03,0.3188055824588727,81.7,0.3429714450209887,0.3308885137399306,0.2943933248347823,76.5,0.300889389275008,0.2976413570548951
2012-04,0.3053870663182947,88.3,0.3388361899775374,0.3221116281479161,0.2823209078739224,94.1,0.2999483348450867,0.2911346213595046
2012-05,0.2986560197488638,87.7,0.3295616102593934,0.3141088150041286,0.2518918106834316,98.5,0.2741602083087974,0.2630260094961145
2012-06,0.2881134991521155,86.5,0.3229635942247167,0.305538546688416,0.2300910038116701,96.6,0.2498360356484556,0.2399635197300628
2012-07,0.2590964176163093,84.9,0.3160768049921827,0.2875866113042459,0.2087273065657094,94.6,0.2387435428969424,0.2237354247313259
2012-08,0.2418575634220522,81.3,0.3103731986605635,0.2761153810413078,0.1744483768705237,93.8,0.2266506874334732,0.2005495321519985
2012-09,0.2438523896264106,77.2,0.307051712548365,0.2754520510873878,0.1750169230377117,87.7,0.2141596753081134,0.1945882991729126
2012-10,0.2682023605886544,74.9,0.3084322410984393,0.2883173008435468,0.2385767490606394,87.7,0.2286505173647992,0.2336136332127193
2012-11,0.2603194896718839,72.8,0.3065604803981986,0.2834399850350412,0.2236815502029373,85.4,0.2225462463222472,0.2231138982625922
2012-12,0.2604377294259659,71.1,0.3043201810086953,0.2823789552173306,0.2414105191554196,82.6,0.2221711369974425,0.231790828076431
2013-01,0.2858316213784697,69.8,0.3077636894647069,0.2967976554215882,0.2856112879362729,83.2,0.264125288268118,0.2748682881021954
2013-02,0.2861083869439119,71.4,0.3101335081212097,0.2981209475325608,0.2787089085728005,89.1,0.2781219060010528,0.2784154072869266
2013-03,0.281823589883107,70.8,0.3089305701106661,0.2953770799968865,0.2649771934533895,92.7,0.2751730564307851,0.2700751249420873
2013-04,0.2857855422582702,69.9,0.3090338086477044,0.2974096754529873,0.2624574037568591,92.5,0.2674539063000987,0.2649556550284789
2013-05,0.2777545417589363,69.5,0.3069491406879172,0.2923518412234268,0.2424140918717046,93.5,0.2508087807161104,0.2466114362939075
2013-06,0.26581537136752,69.0,0.3041776069924958,0.284996489180008,0.2188938954679914,92.1,0.2331379549873707,0.226015925227681
2013-07,0.2641273264231935,66.8,0.3023003166087456,0.2832138215159696,0.180108543056692,90.0,0.2173752341972917,0.1987418886269918
2013-08,0.2592892636591716,66.2,0.3024481414090694,0.2808687025341205,0.1518018583781282,85.4,0.2039497695398169,0.1778758139589725
2013-09,0.2610752298086189,63.0,0.3004730588810906,0.2807741443448547,0.155179723932659,79.7,0.193323959885169,0.174251841908914
2013-10,0.2927798392684302,61.6,0.3087836524807127,0.3007817458745714,0.2204499862275346,79.0,0.1956538476076017,0.2080519169175681
2013-11,0.2961478977945512,65.5,0.316733477190053,0.3064406874923021,0.2757970249415364,80.5,0.2416669232237929,0.2587319740826646
2013-12,0.3091442293675343,65.8,0.3195533083149019,0.3143487688412181,0.2862097790842452,82.6,0.2754211223671979,0.2808154507257215
2014-01,0.305206551753643,66.6,0.3246021606451126,0.3149043561993778,0.273042752396597,86.5,0.2793525369589043,0.2761976446777506
2014-02,0.2996484744506237,66.1,0.3209542162214006,0.3103013453360121,0.2776496127237419,87.0,0.2788569755582558,0.2782532941409988
2014-03,0.2939899864200767,65.6,0.3176901003855439,0.3058400434028103,0.2744630419904316,88.9,0.2776807333161318,0.2760718876532818
2014-04,0.2887861326019539,64.7,0.314013606457976,0.3013998695299649,0.2667728639928857,91.6,0.2763813981662648,0.2715771310795752
2014-05,0.2925178074998202,63.4,0.3126211184706534,0.3025694629852367,0.2663355047192638,93.5,0.2706293063899027,0.2684824055545832
2014-06,0.3031879405654242,65.3,0.3204098852213475,0.3117989128933859,0.266581825786892,98.4,0.2705673876573734,0.2685746067221327
2014-07,0.2807697461579734,69.3,0.3179619642575432,0.2993658552077582,0.2327445564248763,99.9,0.2569816768712747,0.2448631166480755
2014-08,0.2581996989640006,67.9,0.3109465665212642,0.2845731327426324,0.2071588650442123,99.7,0.2447461958749953,0.2259525304596038
2014-09,0.2697707529721641,64.8,0.3078008321778742,0.2887857925750191,0.1906781547917205,95.9,0.2295581154299785,0.2101181351108495
2014-10,0.2813190856679433,63.6,0.310555636093062,0.2959373608805027,0.2227948771306776,91.7,0.2272479229588723,0.2250214000447749
2014-11,0.3078820987230589,62.6,0.3154044603413263,0.3116432795321925,0.2481028501263559,90.8,0.234497095228978,0.2412999726776669
2014-12,0.3078587114380765,62.6,0.3214545525792542,0.3146566320086653,0.2625903392123115,89.9,0.2481734650614656,0.2553819021368885
2015-01,0.3261367137149544,62.2,0.3274250410523088,0.3267808773836316,0.3071127092360637,90.2,0.3058218272541816,0.3064672682451227
2015-02,0.3263213729024866,63.5,0.338082559635015,0.3322019662687508,0.2917126756626066,99.6,0.3110794855464769,0.3013960806045417
2015-03,0.3375472265077723,63.4,0.3452390992940277,0.3413931629009,0.3161011669493781,99.5,0.3333386046318436,0.3247198857906108
2015-04,0.3298066172639567,65.0,0.3460241161972735,0.3379153667306152,0.3120142895348358,99.8,0.3341744076500489,0.3230943485924423
2015-05,0.3609916161034746,69.5,0.3677432463325055,0.3643674312179901,0.3202055361168103,99.7,0.3427723133544227,0.3314889247356165
2015-06,0.3481877546722215,90.4,0.3807370094831712,0.3644623820776963,0.2950100214007483,99.9,0.3290143553482205,0.3120121883744844
2015-07,0.3228022441873957,91.1,0.3656843340808943,0.344243289134145,0.2342799423633582,99.7,0.2921453811517137,0.2632126617575359
2015-08,0.294427172753487,91.8,0.348257098829112,0.3213421357912995,0.1828647552854219,99.2,0.2577426876772484,0.2203037214813351
2015-09,0.2838794971416996,89.0,0.3373894348112826,0.3106344659764911,0.1650728499221799,97.6,0.2375275703955075,0.2013002101588437
2015-10,0.3004851173992192,85.9,0.3366310724577717,0.3185580949284954,0.1720343147320602,92.8,0.2262639080856502,0.1991491114088552
2015-11,0.3550581678219651,91.6,0.3716495986581509,0.363353883240058,0.2942128147748903,91.0,0.2790725719169394,0.2866426933459148
2015-12,0.3700512198306182,92.8,0.3883752852731948,0.3792132525519065,0.3059966366048292,95.9,0.3193355610820823,0.3126660988434557
2016-01,0.3636241723535056,93.4,0.3871089978137903,0.3753665850836479,0.3104630616875659,99.6,0.3364661811262586,0.3234646214069123
2016-02,0.3413017753072541,93.2,0.3703754313784787,0.3558386033428664,0.2887278185672965,99.8,0.3160905138985088,0.3024091662329026
2016-03,0.3442565390073102,92.2,0.3704984210388213,0.3573774800230658,0.3043780327995263,99.9,0.333576230767354,0.3189771317834401
2016-04,0.3487574886182256,93.4,0.370410546705437,0.3595840176618312,0.3000479568251579,99.8,0.3243651564027135,0.3122065566139357
2016-05,0.3558238491599445,95.3,0.3799185336063159,0.3678711913831302,0.3062759394724288,99.9,0.3359421517915668,0.3211090456319977
2016-06,0.3480431971127594,98.7,0.384022112554025,0.3660326548333922,0.2995679728022778,99.8,0.3331385931666865,0.3163532829844821
2016-07,0.3038370682703199,98.7,0.3559203453529225,0.3298787068116212,0.2256139340841447,99.8,0.2868540954431725,0.2562340147636586
2016-08,0.3020295369119918,96.2,0.3456668709499924,0.3238482039309921,0.2371533514782163,97.0,0.2692119241189409,0.2531826377985786
2016-09,0.3210852545513662,95.9,0.3474681971529532,0.3342767258521597,0.2530601538690832,96.6,0.2796979861862759,0.2663790700276796
2016-10,0.3209009387564288,95.7,0.3483129964270156,0.3346069675917221,0.235412776923638,92.6,0.2607779224023234,0.2480953496629807
2016-11,0.3431240881919868,95.0,0.3575281903787778,0.3503261392853823,0.2390487992726964,88.7,0.2507549739919793,0.2449018866323378
2016-12,0.3388490590031107,96.0,0.3600433169014766,0.3494461879522936,0.2833587881047338,87.1,0.285209179706738,0.2842839839057359
2017-01,0.337770099269455,95.2,0.3564632404646848,0.3471166698670699,0.2923757016129915,88.9,0.3022822326814144,0.2973289671472029
2017-02,0.3380284090360356,96.2,0.3577369403973721,0.3478826747167038,0.2883854348881388,95.1,0.3095976864510523,0.2989915606695955
2017-03,0.3277890783849105,97.7,0.3547760894517835,0.341282583918347,0.2816004805139843,95.3,0.3025545818313622,0.2920775311726732
2017-04,0.3352446841136965,96.3,0.3558956618230423,0.3455701729683694,0.2869953019156151,94.8,0.3020051165289156,0.2945002092222654
2017-05,0.3214937854144887,96.6,0.3484469412556896,0.3349703633350891,0.290456223100597,94.2,0.3013981143756293,0.2959271687381131
2017-06,0.3254073580280848,96.1,0.3524520759385613,0.338929716983323,0.2891944255825912,98.4,0.3185269822165158,0.3038607038995535
2017-07,0.3030193491989568,97.8,0.3437684681955281,0.3233939086972425,0.2616397803065979,99.9,0.290723173160069,0.2761814767333335
2017-08,0.295783886223644,94.8,0.3339660790795721,0.314874982651608,0.2603953176721769,97.3,0.2816619531764248,0.2710286354243008
2017-09,0.2962016049208165,93.8,0.3324748994445209,0.3143382521826687,0.2685252819760511,99.8,0.3028573500363531,0.2856913160062021
2017-10,0.3169611309030917,92.3,0.3392480929467952,0.3281046119249435,0.2412958291090207,99.2,0.2744802538709218,0.2578880414899713
2017-11,0.3131104328597334,90.2,0.3359290275637991,0.3245197302117662,0.2600450662469898,95.0,0.2697951430723668,0.2649201046596783
2017-12,0.3136028030468673,89.1,0.3332771054939054,0.3234399542703863,0.2760738127825789,91.7,0.2768468343399923,0.2764603235612856
2018-01,0.311428481917225,88.4,0.3332434444186311,0.322335963167928,0.2903314872897039,91.1,0.2989648641127426,0.2946481757012232
2018-02,0.3152176909739568,87.5,0.331509756890994,0.3233637239324754,0.3070480897861576,91.7,0.3160918428055744,0.311569966295866
2018-03,0.3251598353802407,90.7,0.3439939448744086,0.3345768901273246,0.3051688917640801,99.8,0.3271165107757737,0.3161427012699269
2018-04,0.3178937044987686,92.0,0.3433735382917876,0.3306336213952781,0.3091745434274061,99.7,0.334136387307177,0.3216554653672915
2018-05,0.3151022940466184,90.9,0.3385567019330173,0.3268294979898178,0.2699277315550982,99.9,0.3012022596425127,0.2855649955988054
2018-06,0.293950435618744,90.7,0.3312753016580714,0.3126128686384077,0.2276498574568796,96.8,0.2696992361299749,0.2486745467934272
2018-07,0.2660445553857023,87.4,0.322800893365483,0.2944227243755927,0.211075001035625,92.4,0.2538032763052384,0.2324391386704317
2018-08,0.2591422287477481,83.0,0.317290000468995,0.2882161146083716,0.19529232909834,90.8,0.2439972552140218,0.2196447921561809
2018-09,0.3047205276266734,79.4,0.3257139970256567,0.315217262326165,0.2308701385614684,86.7,0.2428354556435996,0.236852797102534
2018-10,0.3620185527648277,85.7,0.3687723010277821,0.3653954268963049,0.2974304549895864,87.2,0.2968139701630952,0.2971222125763408
2018-11,0.3668291725392535,98.3,0.3938727584564567,0.3803509654978551,0.3215527665363946,93.2,0.3406816331885064,0.3311171998624505
2018-12,0.3632638719798403,98.6,0.3846961907319666,0.3739800313559034,0.324384288539548,99.9,0.3456227531657417,0.3350035208526449
2019-01,0.362839095760708,98.5,0.3873371745662677,0.3750881351634878,0.3256542063501412,99.8,0.3488244851738049,0.337239345761973
2019-02,0.3443636114549426,98.3,0.3724086908340003,0.3583861511444715,0.3157859824810906,99.8,0.3375991175783419,0.3266925500297162
2019-03,0.3349138325768058,98.0,0.360961388723266,0.3479376106500358,0.3015802062552528,99.8,0.328214337021647,0.3148972716384499
2019-04,0.3420246743166101,96.8,0.3595315722745922,0.3507781232956011,0.3076006939796617,99.9,0.3281775830384017,0.3178891385090317
2019-05,0.3605924789109184,98.9,0.3828045614317242,0.3716985201713212,0.3171747505321632,99.9,0.3450127044592496,0.3310937274957063
2019-06,0.3477137926328867,99.0,0.3774953230476855,0.3626045578402861,0.3028577122500431,99.8,0.32567119990783,0.3142644560789366
2019-07,0.3095355201146015,98.8,0.3571293893980575,0.3333324547563295,0.270443506616372,99.8,0.3117515339295953,0.2910975202729837
2019-08,0.281719098275475,96.8,0.3405516371636203,0.3111353677195476,0.2200651451779595,96.7,0.2758309240958145,0.247948034636887
2019-09,0.2788358500747936,92.6,0.3319950875045357,0.3054154687896646,0.2166462770946204,94.0,0.2632677893129317,0.2399570332037761
2019-10,0.2857791890718013,89.7,0.32847647201719,0.3071278305444956,0.243076185379414,91.5,0.2648400960738062,0.2539581407266101
2019-11,0.309870599031414,87.8,0.3313365679229804,0.3206035834771972,0.2728964454813495,91.0,0.2845171537608234,0.2787067996210864
2019-12,0.3073472741113658,87.9,0.3323263650194017,0.3198368195653837,0.2677147837431857,90.8,0.280797212764279,0.2742559982537323
2020-01,0.3154876538994507,87.3,0.332067021725679,0.3237773378125649,0.2908970881240602,91.2,0.2942353459565403,0.2925662170403001
2020-02,0.3349659919566428,88.2,0.3439304077795176,0.3394481998680801,0.3063254914181157,97.4,0.3186563428279399,0.3124909171230278
2020-03,0.3507864721039866,92.4,0.3635397543523846,0.3571631132281856,0.3071262396776903,99.8,0.3297458421645649,0.3184360409211276
2020-04,0.3379840707078025,98.3,0.3672603709900575,0.3526222208489301,0.3068266850304101,99.8,0.3286305288995592,0.3177286069649847
2020-05,0.3286525361359142,97.6,0.3551672720513577,0.341909904093636,0.2933272147965482,100.0,0.3184275808735477,0.3058773978350479
2020-06,0.3113294579201776,97.6,0.3477025198583571,0.3295159888892673,0.2559418921271852,99.5,0.2934616656118665,0.2747017788695258
2020-07,0.2850637611261917,96.9,0.3363809907585728,0.3107223759423822,0.2491937082945409,96.8,0.2786511573278538,0.2639224328111973
2020-08,0.259808936163841,94.0,0.3266760005247556,0.2932424683442982,0.2149572935693962,94.9,0.2602530197445649,0.2376051566569805
2020-09,0.3139899856773501,89.3,0.3410314832873901,0.3275107344823701,0.2433906740267258,90.3,0.2576432734893503,0.2505169737580381
2020-10,0.3026608347225352,96.2,0.3402795174602511,0.3214701760913931,0.2351995987234837,89.3,0.2557447203439687,0.2454721595337262
2020-11,0.3031403746413403,93.9,0.3346956191845034,0.3189179969129219,0.2292286898121762,87.3,0.2484049318556828,0.2388168108339295
2020-12,0.3059306127023515,92.7,0.3306739030308276,0.3183022578665895,0.271831976571906,86.1,0.2623670407042231,0.2670995086380646
2021-01,0.3273808149124489,93.3,0.3366484824975984,0.3320146487050236,0.3055604422668391,88.5,0.3105141779382055,0.3080373101025223
2021-02,0.3132423116357012,93.9,0.3377774355061979,0.3255098735709495,0.2910725481983746,94.9,0.3063091218760289,0.2986908350372018
2021-03,0.3118706471012727,93.1,0.3346829741847018,0.3232768106429873,0.2934961163945225,95.6,0.3124442744708157,0.3029701954326692
2021-04,0.3113595275773274,93.2,0.3318986718080517,0.3216290996926895,0.2907265884176755,98.0,0.3055541866253639,0.2981403875215197
2021-05,0.3413420191893991,95.8,0.3517094704376398,0.3465257448135195,0.3280548428518138,99.9,0.3472377426568326,0.3376462927543232
2021-06,0.3434585919518624,98.8,0.3702332679456165,0.3568459299487394,0.299271988317071,99.8,0.3328602603439103,0.3160661243304907
2021-07,0.3272855597675841,98.7,0.3599319854749575,0.3436087726212708,0.285681181840793,99.9,0.3112008617570023,0.2984410217988976
2021-08,0.3051302349030849,98.1,0.345391150858668,0.3252606928808764,0.2560918252599501,99.8,0.2895203333712123,0.2728060793155811
2021-09,0.2914946911485709,97.7,0.3367955846226702,0.3141451378856205,0.2182164960018555,98.0,0.2657305259750375,0.2419735109884465
2021-10,0.3082947055478829,94.9,0.3350391924932011,0.321666949020542,0.215640367979401,93.0,0.250091427836782,0.2328658979080914
2021-11,0.3046257955798585,93.9,0.3335690967169027,0.3190974461483806,0.2341396355878127,90.3,0.2440164560979674,0.23907804584289
2021-12,0.3006198130710792,92.7,0.3292272721994588,0.314923542635269,0.2557186316359374,88.9,0.2491147057757746,0.252416668705856
2022-01,0.2966071908275616,92.0,0.3251457367536515,0.3108764637906065,0.2596026961758822,88.7,0.2596074400822877,0.2596050681290849
2022-02,0.3072761506458336,90.7,0.3250771561217926,0.3161766533838131,0.2770736989449475,88.7,0.2720267458130156,0.2745502223789816
2022-03,0.2981335521962988,90.8,0.32377133201895,0.3109524421076244,0.2840307337198846,88.9,0.2833431234472567,0.2836869285835706
2022-04,0.2946618616237139,90.1,0.3201510981570625,0.3074064798903882,0.2824618409984461,93.3,0.2966057962847254,0.2895338186415857
2022-05,0.2951059008023606,89.3,0.3177422622822437,0.3064240815423021,0.2738505812634257,96.0,0.2869310878576179,0.2803908345605219
2022-06,0.2894545271961927,87.9,0.3171394911180716,0.3032970091571322,0.2296988785931161,96.3,0.2661524620968377,0.2479256703449769
2022-07,0.2553915110853091,84.4,0.3118513720088924,0.2836214415471008,0.185574444944649,90.8,0.2412968629663713,0.2134356539555101
2022-08,0.2435517406076056,78.9,0.3071356900644037,0.2753437153360046,0.1823341111923472,86.4,0.2258219929931906,0.2040780520927689
2022-09,0.2726000711740439,76.8,0.3081458142861308,0.2903729427300873,0.2160806664881327,84.7,0.232030666947865,0.2240556667179988
2022-10,0.2715053415444976,74.3,0.3067311934692793,0.2891182675068884,0.1949108373656072,81.7,0.2211221565124136,0.2080164969390103
2022-11,0.3013538770786411,71.7,0.3117855323511693,0.3065697047149052,0.2543669703230883,78.5,0.2315924152908038,0.2429796928069461
2022-12,0.3155467973728129,72.2,0.3244098697672689,0.3199783335700409,0.2847321172409137,78.8,0.2701871741179196,0.2774596456794166
2023-01,0.3054686280804378,72.4,0.3253878914577026,0.3154282597690702,0.3078805634073656,81.9,0.3124359373823711,0.3101582503948683
